tempMin,tempMax,cloudCover,humidity,windSpeed,visibility
7.53,12.23,0.8,0.89,14.69,4.43
3.58,7.15,0.62,0.79,15.04,5.64
-0.61,6.54,0.31,0.84,4.48,6.2
-0.63,7.59,0.78,0.85,4.35,6.22
6.51,10.43,0.85,0.91,6.2,5.91
3.66,9.95,0.63,0.88,8.7,5.93
4.58,11.13,0.77,0.88,15.5,4.93
4.25,7.11,0.6,0.83,12.28,5.66
4.64,12.31,0.84,0.83,19.19,4.54
1.85,12.38,0.7,0.82,19.92,5.26
1.67,7.57,0.8,0.88,14.9,5.44
3.69,8.74,0.78,0.8,18.57,5.27
0.88,5.19,0.68,0.83,11.19,6.22
1.39,7.52,0.61,0.85,12.23,5.48
4.17,7.85,0.78,0.78,22.37,5.75
0.68,4.11,0.52,0.82,9.64,5.79
-2.49,2.43,0.53,0.92,3.59,5.84
-2.45,3.9,0.37,0.81,4.13,5.7
-4.74,1.04,0.13,0.85,2.13,6.22
-3.87,1.72,0.27,0.86,2.69,5.75
-2.88,1.58,0.72,0.87,1.62,4.08
-1.22,2.97,0.76,0.89,2.54,4.28
2.4,7.92,0.8,0.9,9.21,4.96
1.66,5.98,0.56,0.86,8.69,6.12
5.24,9.82,0.91,0.91,11.1,5.19
4.26,7.57,0.54,0.83,9.38,6.21
5.25,8.41,0.78,0.91,9.47,5.37
-0.01,8.18,0.76,0.88,15.18,4.57
-2.2,2.85,0.55,0.87,6.95,5.88
-2.77,4.52,0.3,0.83,7.76,6.22
1.55,4.61,0.28,0.74,9.99,6.22
-1.75,4.03,0.3,0.68,6.41,6.22
-3.13,3.82,0.04,0.83,2.88,6.22
-5.67,3.47,0.16,0.8,2.62,5.89
-4.59,4.42,0.03,0.8,2.56,6.21
0.46,8.05,0.44,0.87,2.19,6.22
-1.52,6.95,0.53,0.88,1.92,3.63
-1.64,8.42,0.2,0.87,2.13,4.3
-1.23,7.85,0.46,0.89,4.74,5.83
5.32,9.11,0.92,0.87,7.53,6.22
3.43,6.85,0.97,0.87,5.31,6.12
3.23,5.93,0.97,0.84,5.53,5.53
3.72,8.13,0.87,0.82,4.0,6.11
3.52,6.8,0.79,0.82,8.08,4.91
5.36,9.08,0.94,0.86,4.44,5.39
5.11,10.18,0.63,0.79,6.97,6.02
1.65,7.07,0.55,0.86,6.53,6.18
1.1,7.81,0.7,0.85,11.05,6.16
6.97,11.1,0.94,0.89,13.38,5.7
3.54,9.32,0.6,0.82,11.48,6.14
1.02,5.79,0.68,0.88,7.13,6.2
-0.23,5.43,0.5,0.87,5.58,5.99
-0.7,6.98,0.84,0.92,6.83,4.33
1.99,5.09,0.82,0.84,16.14,5.46
2.36,6.12,0.59,0.79,13.73,6.2
0.53,10.37,0.63,0.92,5.1,5.17
1.58,10.76,0.64,0.85,12.92,5.77
1.81,7.01,0.62,0.84,10.88,5.95
5.97,9.85,0.88,0.88,13.35,5.19
2.01,7.02,0.72,0.85,14.68,5.63
0.99,4.37,0.68,0.85,11.08,6.16
1.02,4.73,0.67,0.84,11.64,5.87
2.42,8.59,0.44,0.78,8.31,6.22
6.38,9.93,0.89,0.83,12.61,5.89
7.13,9.58,0.69,0.8,15.17,6.05
7.88,12.22,0.86,0.89,18.47,4.57
3.43,10.12,0.57,0.8,11.74,6.03
1.49,10.93,0.58,0.81,13.37,5.85
1.58,9.52,0.38,0.75,9.35,6.22
1.08,8.72,0.36,0.81,8.85,5.88
0.83,9.98,0.67,0.88,6.82,5.72
1.33,10.0,0.44,0.83,3.11,5.06
2.36,6.26,0.95,0.72,4.65,5.86
-1.12,7.6,0.7,0.8,4.45,6.22
4.15,7.21,0.74,0.84,4.06,5.94
2.46,7.71,0.86,0.85,2.14,3.43
2.83,11.43,0.51,0.79,1.6,4.29
-0.17,11.46,0.33,0.78,2.07,3.83
4.24,10.31,0.66,0.84,6.71,5.47
0.37,12.04,0.02,0.75,2.75,6.22
3.65,11.17,0.66,0.8,7.88,6.13
3.15,10.62,0.58,0.77,9.62,6.12
1.58,8.73,0.56,0.8,4.44,6.21
-2.03,9.13,0.24,0.73,3.77,6.22
1.71,9.67,0.77,0.81,10.96,5.06
1.4,9.39,0.57,0.74,6.27,6.22
4.53,11.69,0.75,0.86,10.64,5.46
3.27,7.59,0.78,0.87,8.57,6.06
1.77,9.06,0.73,0.86,11.25,5.73
2.75,8.05,0.65,0.78,18.56,5.76
1.97,8.12,0.6,0.8,11.54,6.22
-1.02,9.69,0.11,0.68,2.93,6.22
2.69,9.37,0.9,0.9,4.06,5.1
3.38,14.02,0.37,0.82,4.17,6.22
5.49,16.39,0.51,0.86,2.25,4.47
4.38,15.28,0.72,0.85,3.23,3.06
4.7,12.1,0.79,0.8,6.03,6.22
0.56,15.86,0.34,0.77,2.21,4.65
3.82,16.51,0.1,0.71,4.74,4.64
3.14,17.02,0.15,0.67,5.19,4.85
3.38,9.77,0.61,0.76,10.95,6.02
3.75,10.23,0.65,0.75,8.89,6.12
2.31,11.3,0.54,0.83,6.71,6.01
9.5,12.07,0.89,0.88,11.13,4.97
4.23,11.56,0.57,0.74,9.26,5.61
-0.09,14.08,0.04,0.69,2.72,6.22
1.77,14.49,0.29,0.7,5.37,6.22
2.01,15.51,0.24,0.7,4.35,6.15
2.11,12.07,0.33,0.74,5.06,6.22
3.64,14.15,0.61,0.71,5.06,6.22
1.61,17.06,0.04,0.73,3.47,6.22
3.88,20.05,0.03,0.71,2.27,6.17
4.66,18.5,0.06,0.73,3.86,5.01
5.89,13.56,0.83,0.87,4.39,3.97
4.02,11.82,0.42,0.67,9.33,6.16
0.29,9.43,0.36,0.67,8.14,6.22
-1.24,8.37,0.43,0.72,6.94,6.1
2.37,8.36,0.64,0.8,9.76,5.99
3.48,8.58,0.78,0.86,8.9,6.08
2.94,11.94,0.25,0.66,4.99,6.22
-1.32,11.12,0.21,0.66,4.3,6.22
0.71,9.38,0.71,0.74,8.67,6.22
4.58,9.83,0.86,0.89,9.27,5.8
8.25,14.67,0.59,0.72,8.84,5.74
6.8,10.25,0.66,0.84,9.93,5.72
6.27,12.05,0.62,0.8,8.12,6.15
2.56,11.07,0.32,0.66,7.72,6.22
1.24,12.92,0.34,0.71,3.9,6.22
6.58,16.01,0.49,0.7,6.14,6.22
8.5,14.08,0.77,0.86,8.18,5.35
10.08,15.81,0.44,0.74,13.38,6.16
7.79,12.03,0.65,0.77,13.67,6.12
7.6,13.96,0.64,0.7,5.29,6.22
4.56,13.45,0.38,0.67,7.54,6.22
1.87,13.08,0.73,0.81,6.04,5.27
6.71,11.68,0.65,0.76,12.22,6.22
6.69,10.82,0.79,0.84,10.61,5.85
5.92,11.35,0.75,0.83,6.52,6.03
5.01,12.87,0.44,0.75,8.87,6.22
6.72,14.4,0.4,0.71,8.74,6.22
8.52,12.9,0.76,0.78,8.59,6.22
9.04,15.45,0.64,0.81,9.6,5.87
3.86,16.49,0.28,0.73,4.82,6.18
8.03,12.05,0.75,0.8,9.95,6.1
7.71,15.44,0.56,0.73,8.68,6.19
8.0,13.45,0.69,0.74,9.04,6.22
7.63,10.99,0.82,0.82,6.99,6.08
6.05,11.68,0.65,0.79,10.71,6.17
5.61,12.34,0.54,0.75,7.87,6.21
4.67,14.2,0.39,0.7,6.93,6.21
5.48,11.18,0.71,0.79,10.15,5.28
4.24,12.46,0.67,0.8,10.89,5.8
6.33,12.16,0.79,0.8,13.9,5.75
7.01,14.71,0.43,0.73,8.06,6.22
6.52,15.76,0.47,0.79,2.7,6.2
10.31,15.93,0.51,0.78,7.49,6.1
8.71,10.99,0.63,0.81,16.03,5.82
7.72,14.7,0.57,0.71,10.19,6.22
4.2,15.49,0.26,0.7,4.42,6.22
3.97,17.89,0.29,0.71,3.31,6.22
5.49,21.22,0.19,0.68,3.56,6.12
6.14,22.61,0.19,0.66,2.82,6.22
7.2,21.96,0.18,0.68,3.07,6.22
9.62,14.28,0.79,0.81,5.8,6.19
7.62,14.78,0.66,0.77,4.61,5.86
4.71,16.27,0.34,0.76,3.23,6.22
10.79,17.66,0.78,0.8,5.36,6.13
10.0,15.31,0.74,0.82,11.6,5.94
9.37,11.62,0.76,0.82,9.5,5.82
9.36,13.71,0.78,0.83,6.24,6.21
10.54,17.78,0.76,0.84,5.04,5.38
9.5,14.19,0.74,0.82,7.73,6.17
8.82,16.68,0.54,0.76,5.75,6.19
5.59,18.52,0.4,0.74,3.64,6.22
7.75,17.22,0.58,0.82,1.81,6.22
11.82,16.46,0.68,0.9,2.52,5.16
11.76,16.2,0.77,0.86,5.37,5.75
10.71,19.64,0.59,0.78,5.43,6.22
12.97,17.92,0.69,0.82,7.96,5.76
12.04,18.1,0.61,0.82,5.34,5.91
13.87,23.01,0.68,0.8,5.3,6.22
16.22,26.66,0.19,0.74,3.97,6.22
13.0,21.8,0.55,0.84,4.98,5.57
10.28,23.06,0.33,0.74,4.19,5.16
12.48,19.36,0.57,0.84,8.44,6.17
10.12,18.22,0.45,0.81,3.64,6.17
10.72,18.77,0.69,0.84,5.0,5.93
13.52,18.35,0.75,0.86,7.04,5.77
10.58,16.86,0.59,0.77,6.86,5.81
6.28,16.23,0.34,0.71,4.72,6.01
10.72,20.09,0.67,0.83,4.97,5.36
13.5,17.85,0.72,0.84,7.59,5.77
12.36,15.98,0.78,0.8,7.94,5.9
11.27,16.83,0.7,0.87,3.3,5.7
8.56,18.17,0.39,0.76,4.66,6.22
7.97,18.52,0.23,0.67,5.96,6.22
7.96,18.46,0.57,0.76,5.53,6.22
11.22,16.02,0.75,0.84,9.54,5.54
11.06,16.86,0.77,0.81,12.63,5.64
11.01,17.39,0.69,0.81,5.72,6.09
8.91,15.72,0.71,0.88,4.38,5.89
11.76,15.42,0.78,0.82,7.28,6.18
9.07,15.97,0.54,0.78,5.6,6.22
10.03,15.41,0.55,0.78,8.66,6.22
7.43,17.08,0.45,0.78,3.79,6.22
8.27,16.84,0.28,0.77,4.48,6.22
6.84,15.9,0.44,0.81,5.31,5.74
9.28,12.07,0.73,0.87,7.28,6.02
9.16,13.08,0.69,0.91,2.21,5.72
7.83,16.72,0.42,0.8,5.09,6.19
7.99,15.99,0.51,0.7,5.64,6.22
10.78,15.21,0.69,0.83,7.36,6.1
8.11,15.28,0.48,0.81,7.22,5.98
7.55,16.74,0.55,0.86,5.56,6.22
13.71,18.47,0.58,0.78,10.38,6.19
12.58,16.07,0.71,0.81,11.88,6.04
11.54,16.37,0.74,0.85,6.34,5.97
11.16,17.67,0.62,0.8,6.6,5.73
6.77,19.05,0.33,0.73,3.66,5.8
7.68,18.39,0.36,0.77,6.75,6.2
13.34,18.23,0.7,0.84,8.73,6.2
11.83,18.18,0.66,0.86,6.78,6.14
10.68,16.38,0.63,0.81,5.56,6.22
9.77,18.16,0.69,0.75,2.87,6.22
6.04,22.72,0.36,0.76,2.39,5.68
11.79,16.6,0.66,0.86,3.7,6.19
8.99,16.24,0.46,0.74,7.31,6.22
8.99,18.84,0.25,0.72,3.54,6.22
8.11,21.29,0.18,0.71,2.17,6.22
7.39,21.06,0.15,0.75,3.39,5.96
10.38,19.06,0.59,0.85,4.4,5.64
11.9,18.4,0.73,0.85,5.5,6.19
15.05,20.7,0.66,0.8,7.88,6.22
13.7,18.1,0.47,0.81,3.99,6.22
14.75,24.89,0.42,0.74,10.25,5.71
13.23,18.22,0.64,0.81,3.86,6.11
9.66,17.72,0.42,0.73,5.01,6.22
11.43,16.58,0.61,0.85,5.38,5.74
10.88,16.07,0.7,0.85,9.17,6.0
11.03,16.76,0.62,0.82,8.33,6.22
12.27,17.97,0.54,0.81,8.94,6.22
10.69,17.38,0.48,0.81,4.36,6.04
7.91,17.41,0.41,0.84,2.39,6.06
9.39,17.37,0.45,0.81,3.77,6.11
10.31,15.22,0.48,0.78,3.65,6.21
7.92,17.27,0.51,0.72,5.74,6.22
6.68,14.96,0.38,0.83,4.52,6.21
4.92,16.4,0.33,0.69,4.22,6.22
5.64,17.62,0.27,0.78,6.11,6.22
5.5,18.67,0.38,0.85,1.94,4.16
10.45,17.12,0.81,0.88,2.95,4.83
10.31,15.0,0.82,0.81,3.97,5.49
10.76,20.15,0.46,0.72,6.57,6.22
9.8,19.59,0.3,0.72,8.56,6.22
10.6,14.41,0.57,0.82,8.12,6.15
8.03,16.0,0.38,0.84,3.55,6.22
8.63,14.75,0.49,0.86,2.82,5.59
6.82,14.97,0.4,0.85,3.85,5.3
4.48,17.22,0.34,0.79,2.11,5.26
8.14,17.0,0.39,0.82,3.11,5.79
9.05,18.79,0.55,0.81,1.79,5.33
6.19,14.93,0.66,0.85,2.54,4.71
11.36,15.9,0.81,0.85,4.08,6.22
8.59,15.48,0.65,0.85,4.92,5.83
5.47,16.05,0.25,0.81,5.38,6.21
6.94,15.18,0.47,0.85,5.04,5.75
8.33,13.21,0.67,0.83,8.6,6.11
9.05,14.97,0.62,0.82,6.77,6.05
8.85,15.33,0.69,0.86,2.43,6.17
5.6,17.41,0.26,0.81,2.34,4.78
5.08,17.47,0.24,0.8,2.88,5.4
7.35,19.79,0.13,0.81,2.26,5.21
4.92,19.46,0.54,0.85,1.16,3.39
5.08,18.19,0.88,0.83,1.8,3.05
6.04,14.52,0.74,0.84,3.38,4.02
2.9,13.41,0.88,0.82,1.72,4.36
7.58,12.43,0.91,0.78,3.36,6.22
7.17,15.45,0.5,0.86,6.94,4.57
11.55,17.26,0.7,0.9,3.1,5.29
6.77,13.88,0.33,0.82,5.9,6.09
4.6,15.32,0.46,0.84,2.74,5.44
7.55,15.03,0.62,0.87,2.95,6.22
9.92,15.12,0.2,0.88,1.77,5.42
7.55,13.98,0.47,0.86,1.95,5.1
5.0,13.14,0.33,0.8,4.0,6.04
4.0,13.88,0.48,0.79,1.78,6.21
3.75,13.35,0.53,0.82,1.31,5.63
1.41,12.65,0.53,0.85,2.12,4.19
3.16,13.45,0.45,0.87,1.18,3.52
4.06,11.5,0.83,0.88,1.27,3.89
4.4,13.67,0.72,0.82,2.48,5.43
1.92,12.18,0.63,0.85,1.58,4.27
8.17,13.16,0.65,0.83,5.53,6.14
10.63,14.97,0.86,0.92,9.75,4.68
10.12,13.03,0.81,0.75,12.92,5.98
9.21,13.4,0.87,0.77,8.04,5.69
6.71,13.23,0.58,0.85,10.32,5.39
6.21,11.71,0.45,0.83,7.12,6.12
7.1,12.15,0.49,0.78,5.85,6.22
7.93,14.88,0.55,0.86,6.25,4.83
8.89,12.91,0.81,0.93,4.19,3.67
6.19,12.97,0.53,0.85,6.47,6.19
6.24,14.3,0.43,0.86,3.94,5.98
8.95,16.06,0.66,0.87,6.58,5.82
5.31,15.42,0.48,0.88,2.94,4.56
6.59,12.1,0.88,0.93,1.83,3.26
3.98,11.38,0.87,0.92,1.5,1.39
6.51,10.54,0.92,0.95,1.96,2.56
10.03,11.88,0.83,0.94,2.41,2.71
8.31,14.13,0.74,0.91,4.36,4.16
8.24,10.55,0.49,0.92,3.23,5.64
7.64,13.27,0.6,0.86,9.64,5.97
7.83,15.29,0.79,0.89,12.1,4.23
10.9,15.41,0.81,0.9,9.13,4.83
9.16,12.54,0.69,0.87,6.25,6.19
7.39,13.05,0.59,0.81,10.66,6.11
3.93,8.42,0.7,0.83,11.57,5.74
5.34,8.21,0.65,0.86,7.48,5.98
6.36,14.63,0.89,0.94,7.03,3.42
5.36,13.95,0.69,0.81,13.01,6.14
3.76,7.65,0.72,0.86,7.19,5.89
6.17,11.06,0.75,0.86,11.39,5.92
6.68,9.47,0.69,0.83,10.78,6.1
0.95,7.28,0.48,0.85,6.74,6.1
-0.6,3.38,0.31,0.76,3.88,6.22
-0.31,6.76,0.09,0.83,2.78,6.22
-0.11,9.12,0.76,0.88,6.8,5.64
5.11,8.55,0.63,0.84,6.99,6.05
4.87,9.26,0.66,0.84,5.2,6.2
7.84,12.11,0.93,0.92,6.6,5.25
2.9,11.7,0.79,0.89,10.23,4.86
2.51,6.89,0.71,0.86,11.14,5.42
2.66,8.92,0.72,0.86,11.71,5.79
1.02,5.1,0.58,0.89,4.54,5.8
0.59,12.62,0.76,0.9,7.04,5.17
3.69,12.03,0.56,0.84,9.53,6.07
2.76,5.68,0.58,0.92,2.61,5.95
3.68,11.11,0.76,0.86,14.79,5.19
9.79,12.92,0.93,0.9,18.34,3.49
4.33,9.31,0.52,0.85,6.3,5.9
4.39,13.26,0.78,0.88,7.45,5.64
4.88,12.81,0.52,0.8,11.27,6.22
4.83,11.25,0.72,0.85,14.21,5.2
3.29,9.15,0.57,0.79,11.71,5.87
2.66,6.63,0.52,0.83,10.75,5.87
-1.18,5.17,0.21,0.9,2.32,6.19
-2.66,2.06,0.77,0.94,1.15,1.56
1.66,5.48,0.93,0.95,3.59,3.23
5.09,9.61,0.86,0.9,7.16,6.05
9.07,12.39,0.9,0.93,4.67,4.92
10.82,13.5,0.81,0.88,9.42,5.9
10.11,12.97,0.82,0.89,12.66,5.39
10.61,14.22,0.75,0.87,11.83,5.72
8.33,11.12,0.71,0.85,10.52,6.12
5.99,8.96,0.69,0.83,10.62,5.84
7.13,13.09,0.7,0.84,12.1,5.69
4.88,11.33,0.61,0.8,13.82,6.12
4.04,11.39,0.8,0.84,12.0,5.53
3.2,5.57,0.64,0.85,7.02,6.22
3.02,6.46,0.96,0.94,7.52,4.52
4.38,7.73,0.45,0.88,5.16,6.13
8.06,11.97,0.34,0.78,8.08,6.19
7.63,12.05,0.63,0.81,10.89,6.12
3.48,12.87,0.71,0.87,13.07,5.01
2.04,6.33,0.55,0.89,4.77,5.55
1.54,6.02,0.28,0.8,7.2,6.22
5.66,8.89,0.85,0.87,6.52,6.05
6.44,8.62,0.85,0.88,8.03,6.12
6.36,8.09,0.72,0.88,7.74,6.22
5.29,6.96,0.9,0.88,10.48,6.08
5.46,7.49,0.9,0.87,7.02,6.22
3.46,7.05,0.65,0.87,7.85,5.82
-0.21,4.15,0.47,0.91,2.01,4.96
-0.66,4.31,0.87,0.94,4.55,4.4
2.14,5.43,0.89,0.92,6.47,5.22
3.74,5.49,0.8,0.89,4.81,5.94
2.43,5.35,0.46,0.88,5.94,6.22
0.16,3.21,0.43,0.9,3.16,6.0
-0.89,4.03,0.27,0.81,4.87,6.22
-1.32,5.13,0.14,0.82,4.08,6.19
-3.52,0.98,0.46,0.91,2.97,4.29
-0.4,2.41,0.83,0.88,2.42,5.98
0.76,3.16,0.92,0.94,1.62,2.55
1.06,3.8,0.87,0.95,1.07,3.43
1.38,3.59,0.77,0.94,2.03,2.77
0.69,7.29,0.63,0.89,5.29,4.3
7.12,11.53,0.72,0.86,8.19,5.89
7.08,10.15,0.53,0.84,7.77,5.68
8.4,13.56,0.9,0.91,8.07,6.04
5.81,13.16,0.69,0.85,11.12,6.05
6.63,12.37,0.83,0.89,14.41,4.77
2.9,7.2,0.67,0.89,5.88,5.72
3.02,8.87,0.78,0.85,12.29,5.51
3.59,10.45,0.75,0.79,17.4,4.7
1.22,4.53,0.58,0.78,13.98,5.86
2.23,7.0,0.76,0.89,4.98,5.63
5.56,11.17,0.81,0.8,19.82,5.05
2.42,7.28,0.66,0.75,16.65,5.94
2.12,6.4,0.54,0.83,5.83,6.08
3.36,9.8,0.85,0.88,6.25,5.61
3.26,9.63,0.85,0.87,9.74,5.93
3.59,7.07,0.67,0.85,7.11,6.17
3.48,6.88,0.81,0.84,13.49,5.49
4.22,7.65,0.78,0.88,5.57,5.7
3.78,6.83,0.78,0.88,6.92,5.61
1.14,6.54,0.35,0.8,4.81,6.22
-0.46,6.76,0.35,0.82,2.46,6.22
-0.81,5.63,0.22,0.85,3.6,5.49
0.74,3.42,0.56,0.87,6.52,6.06
-2.48,4.5,0.24,0.76,3.9,6.22
-1.43,5.93,0.13,0.64,2.26,6.22
-0.07,8.05,0.79,0.81,10.68,5.35
0.01,5.68,0.59,0.91,2.05,5.19
-0.49,5.25,0.59,0.89,3.73,5.08
2.04,8.4,0.8,0.89,8.81,5.14
4.07,6.09,0.63,0.85,12.58,5.64
2.61,6.88,0.8,0.87,9.25,5.63
1.8,8.71,0.47,0.8,7.27,6.12
-1.58,6.48,0.16,0.76,3.01,6.22
-1.02,5.01,0.53,0.8,1.57,6.2
-2.42,4.94,0.31,0.82,1.83,6.22
0.86,5.58,0.44,0.79,2.0,6.22
-1.05,6.42,0.18,0.77,1.67,5.85
-3.47,8.06,0.03,0.75,1.02,5.74
0.13,6.47,0.75,0.83,5.86,6.13
2.67,9.67,0.72,0.86,10.08,5.36
1.41,6.94,0.64,0.81,8.1,6.07
2.02,8.01,0.49,0.81,3.64,6.2
2.62,7.47,0.6,0.79,8.56,6.22
1.06,7.88,0.29,0.66,3.91,6.22
-2.72,5.75,0.31,0.7,2.58,6.21
-0.53,7.66,0.29,0.67,2.23,6.22
1.62,8.5,0.71,0.84,5.86,5.86
1.07,9.24,0.34,0.79,4.38,6.2
-1.72,9.4,0.2,0.77,1.45,5.79
2.86,8.4,0.79,0.87,3.66,6.22
7.05,11.96,0.77,0.86,5.47,6.2
7.2,12.81,0.83,0.75,3.17,6.22
3.01,15.08,0.15,0.67,2.98,6.15
2.64,9.98,0.67,0.76,4.8,6.22
4.61,9.28,0.92,0.86,5.21,6.12
3.31,9.74,0.73,0.88,1.55,3.91
3.58,7.2,0.94,0.9,3.17,4.36
3.97,9.7,0.81,0.79,2.06,5.21
3.07,12.45,0.54,0.77,2.7,5.76
5.94,10.87,0.84,0.78,5.14,6.21
6.55,10.47,0.93,0.8,4.4,6.22
5.67,9.45,0.83,0.77,4.07,6.12
5.54,9.44,0.73,0.84,6.84,5.74
4.14,11.56,0.42,0.76,8.54,6.22
6.18,10.37,0.81,0.85,11.8,5.27
4.54,9.8,0.75,0.76,9.68,6.02
2.87,10.1,0.66,0.81,4.77,6.09
3.08,8.51,0.5,0.79,4.67,6.22
1.46,9.81,0.63,0.81,2.79,5.89
1.76,10.65,0.44,0.79,2.94,6.22
3.61,8.9,0.68,0.85,9.69,5.66
5.39,11.58,0.57,0.85,2.45,5.82
6.33,10.57,0.77,0.85,3.11,5.25
6.59,8.85,0.83,0.92,2.98,4.04
6.08,11.41,0.77,0.84,5.13,6.1
4.89,8.09,0.75,0.84,8.21,6.13
5.34,11.96,0.45,0.77,6.49,6.22
4.9,10.73,0.75,0.8,4.08,6.21
3.51,10.15,0.66,0.74,3.39,6.16
2.51,11.35,0.6,0.77,3.14,6.22
3.71,9.78,0.55,0.77,10.23,6.19
6.12,8.29,0.91,0.86,8.61,6.0
5.29,9.62,0.86,0.84,4.57,6.18
4.24,10.65,0.6,0.72,2.19,6.22
1.72,8.15,0.57,0.78,3.94,6.22
-0.41,9.23,0.3,0.66,3.9,6.22
-0.36,9.97,0.65,0.77,6.59,6.22
6.04,11.41,0.71,0.72,9.7,6.07
2.96,13.48,0.28,0.67,3.03,6.22
1.14,16.88,0.02,0.65,1.8,6.22
2.55,17.1,0.02,0.67,2.83,6.03
5.01,12.46,0.48,0.65,3.68,6.22
0.33,10.72,0.09,0.65,4.67,6.05
3.96,13.35,0.36,0.63,5.03,6.22
3.36,9.38,0.21,0.62,6.65,6.21
1.46,9.28,0.57,0.6,6.88,6.22
0.39,8.79,0.28,0.61,4.23,6.22
-0.19,6.87,0.58,0.82,5.68,5.74
1.36,10.24,0.47,0.69,7.24,6.21
1.84,11.22,0.34,0.69,4.78,6.22
5.79,12.95,0.75,0.83,7.28,5.96
6.3,13.05,0.63,0.76,10.87,5.98
4.99,11.12,0.57,0.76,8.5,6.14
6.79,12.98,0.72,0.76,8.07,6.2
8.41,15.12,0.55,0.74,6.69,5.76
5.42,16.52,0.17,0.71,1.94,6.22
7.7,13.68,0.31,0.77,6.98,6.21
8.28,20.9,0.5,0.77,6.21,5.27
8.51,22.21,0.02,0.71,6.96,6.03
9.07,21.84,0.05,0.69,6.79,6.17
10.11,19.97,0.03,0.66,8.09,6.22
9.32,19.53,0.24,0.6,7.58,6.22
4.98,11.17,0.59,0.69,5.02,6.22
1.65,15.39,0.31,0.61,3.09,6.22
2.95,15.71,0.22,0.63,3.87,6.21
5.36,14.67,0.73,0.68,3.48,6.22
6.0,15.18,0.79,0.8,3.38,5.78
10.55,14.83,0.8,0.89,3.58,5.66
9.35,12.37,0.84,0.88,4.77,5.54
8.83,15.55,0.77,0.79,6.74,6.18
10.59,16.02,0.7,0.83,5.58,5.62
8.21,17.02,0.45,0.73,3.91,6.22
7.2,17.64,0.19,0.69,3.63,6.22
6.45,16.99,0.22,0.71,4.02,6.12
5.36,15.21,0.64,0.66,4.75,6.22
9.25,12.68,0.59,0.82,4.1,5.99
8.9,12.86,0.93,0.88,4.46,6.03
9.59,17.79,0.74,0.76,3.03,5.87
7.92,20.74,0.48,0.73,2.63,5.73
8.31,20.02,0.55,0.77,2.62,5.25
7.9,22.77,0.25,0.69,2.91,4.53
7.38,20.95,0.07,0.69,3.39,5.84
7.4,21.3,0.25,0.65,3.29,6.22
7.05,21.48,0.2,0.68,2.79,6.22
12.18,21.16,0.63,0.74,5.02,6.0
8.98,24.37,0.22,0.69,3.56,6.12
11.02,26.03,0.06,0.67,2.27,6.22
11.25,23.09,0.07,0.75,1.82,5.75
12.61,23.03,0.29,0.74,2.92,5.34
9.72,23.6,0.43,0.73,2.98,6.21
11.65,15.36,0.84,0.82,3.74,6.11
10.7,14.72,0.94,0.89,3.8,5.35
11.34,15.64,0.92,0.91,3.99,5.37
11.9,15.96,0.92,0.89,4.18,5.62
11.07,16.58,0.76,0.8,5.15,6.15
11.35,16.76,0.89,0.86,4.43,5.46
10.2,13.93,0.9,0.9,1.98,6.11
10.33,15.75,0.56,0.8,2.8,6.22
7.21,18.35,0.44,0.74,3.25,6.14
9.95,16.48,0.78,0.87,3.7,5.58
11.79,16.72,0.87,0.8,7.37,5.85
10.67,18.51,0.6,0.73,6.38,6.22
13.11,18.17,0.58,0.75,6.99,6.21
11.28,20.29,0.44,0.72,4.0,6.21
12.48,17.28,0.56,0.81,3.49,6.19
10.74,19.31,0.52,0.82,3.08,6.16
11.62,16.69,0.65,0.87,3.97,5.5
10.88,15.6,0.64,0.77,6.61,6.22
10.44,15.12,0.6,0.81,2.93,6.19
9.28,14.73,0.64,0.81,2.42,6.19
10.53,15.27,0.72,0.81,5.12,6.18
9.67,15.63,0.7,0.79,5.33,6.12
8.76,15.55,0.72,0.82,6.69,6.19
10.27,15.21,0.75,0.8,5.66,6.12
10.62,14.28,0.82,0.86,1.81,6.07
10.08,16.83,0.36,0.79,5.43,6.22
7.66,15.56,0.45,0.86,3.54,6.09
11.84,19.19,0.69,0.79,5.44,5.82
12.96,18.27,0.73,0.8,6.16,5.59
11.37,19.81,0.85,0.87,3.79,4.67
13.92,17.25,0.71,0.87,4.98,5.64
12.07,16.42,0.89,0.86,5.64,5.57
11.28,16.5,0.48,0.72,4.47,6.22
10.17,16.58,0.38,0.77,4.71,6.17
8.02,19.62,0.25,0.71,3.51,6.22
12.82,19.06,0.84,0.88,4.43,5.82
12.09,15.03,0.74,0.79,7.53,6.22
11.7,16.43,0.7,0.85,6.09,6.09
13.97,22.94,0.78,0.83,4.2,5.82
15.01,28.82,0.36,0.71,2.11,5.13
13.61,22.36,0.52,0.85,3.53,5.8
11.38,22.19,0.53,0.77,3.54,6.12
14.12,19.71,0.84,0.83,3.74,5.88
12.4,19.21,0.85,0.8,3.02,6.22
13.55,16.71,0.89,0.93,1.32,5.26
12.55,16.46,0.75,0.86,6.51,5.95
12.32,16.87,0.87,0.83,4.01,6.08
11.11,16.74,0.74,0.83,5.08,5.74
11.4,17.77,0.91,0.83,2.0,5.93
11.68,19.66,0.12,0.74,4.76,6.22
11.47,17.63,0.63,0.77,5.86,6.21
10.95,17.53,0.44,0.76,5.62,6.22
9.27,19.98,0.24,0.72,2.54,6.22
8.51,19.07,0.67,0.83,3.66,5.01
14.31,17.72,0.84,0.91,5.2,5.38
13.84,18.66,0.64,0.8,6.6,6.22
10.35,18.09,0.39,0.74,3.41,6.21
9.68,20.17,0.58,0.81,4.51,6.22
12.56,18.35,0.71,0.77,11.68,6.06
10.9,17.18,0.52,0.72,10.46,6.09
10.16,16.63,0.34,0.74,6.97,6.22
7.32,14.33,0.51,0.87,3.59,6.12
12.78,16.91,0.9,0.93,7.59,5.69
13.77,16.4,0.89,0.9,7.85,4.49
12.73,16.83,0.83,0.84,6.73,6.14
11.96,17.37,0.91,0.81,3.16,5.96
11.95,21.5,0.66,0.74,2.62,6.22
11.08,24.5,0.22,0.73,2.69,5.3
12.11,23.57,0.11,0.76,2.72,5.81
10.26,22.4,0.39,0.8,2.85,5.51
12.97,16.12,0.51,0.88,5.05,5.79
13.43,16.65,0.67,0.9,5.35,6.01
13.4,19.05,0.66,0.86,4.91,6.18
11.56,19.13,0.78,0.84,3.49,5.24
10.73,17.29,0.5,0.9,2.69,6.16
11.12,20.22,0.21,0.76,1.93,6.22
11.53,19.05,0.71,0.84,2.63,6.22
12.39,17.86,0.57,0.81,5.51,6.05
10.63,20.33,0.35,0.78,1.93,5.81
13.16,19.59,0.46,0.82,2.55,6.22
10.5,18.99,0.39,0.78,4.51,6.22
14.93,21.42,0.72,0.8,6.26,6.22
12.96,16.98,0.83,0.82,7.6,5.93
12.17,16.7,0.69,0.82,7.1,5.9
12.37,16.71,0.65,0.85,5.34,6.1
12.2,16.72,0.76,0.87,3.64,6.15
11.96,19.29,0.47,0.85,1.93,6.06
13.16,20.81,0.61,0.88,3.74,5.58
16.52,19.56,0.92,0.91,4.11,4.68
16.65,21.35,0.73,0.86,3.46,5.28
13.5,19.0,0.63,0.87,5.31,6.2
12.67,16.71,0.8,0.88,7.08,5.81
11.11,16.87,0.25,0.75,5.24,6.22
11.24,17.97,0.49,0.74,8.19,6.22
15.26,20.4,0.87,0.83,7.97,5.7
14.91,17.72,0.69,0.93,1.96,5.56
13.56,16.45,0.9,0.91,5.8,6.12
13.48,21.76,0.72,0.88,3.04,5.15
11.21,17.56,0.53,0.81,5.56,6.19
8.78,17.88,0.38,0.82,2.37,6.22
10.63,16.74,0.9,0.88,3.28,5.83
10.38,16.62,0.84,0.78,2.6,6.22
8.31,16.18,0.71,0.74,2.2,6.22
7.99,16.57,0.72,0.82,3.8,6.06
9.44,15.58,0.53,0.8,4.64,6.06
8.57,15.28,0.38,0.81,6.31,6.17
13.72,16.87,0.89,0.88,9.46,5.81
9.35,15.23,0.59,0.82,5.83,6.22
8.08,13.69,0.5,0.88,2.67,6.0
9.21,15.72,0.68,0.82,7.89,5.34
12.82,18.05,0.86,0.87,10.06,5.16
9.73,14.71,0.71,0.83,11.52,5.98
7.22,13.05,0.72,0.86,5.34,6.12
4.64,14.66,0.53,0.86,1.87,3.8
3.12,14.9,0.47,0.81,2.27,4.13
6.12,16.26,0.06,0.77,5.01,6.22
7.02,16.95,0.17,0.81,5.0,6.22
9.32,16.29,0.42,0.74,6.1,6.21
6.64,15.11,0.3,0.77,6.23,6.22
10.64,14.46,0.67,0.77,6.02,6.22
9.75,14.71,0.28,0.79,3.42,6.22
4.68,13.8,0.15,0.8,2.33,6.0
2.43,12.1,0.38,0.83,2.96,6.22
6.74,12.8,0.84,0.84,5.06,6.15
8.73,12.8,0.84,0.81,5.57,6.22
8.37,13.2,0.7,0.81,5.36,6.22
8.81,12.96,0.71,0.84,5.68,6.17
8.25,12.62,0.7,0.9,4.77,6.03
7.69,12.42,0.28,0.86,6.12,5.69
9.63,12.86,0.68,0.9,6.65,5.97
5.56,11.03,0.69,0.86,5.2,6.17
4.41,13.53,0.22,0.84,2.47,6.21
3.9,13.04,0.06,0.86,0.95,6.0
5.54,13.07,0.36,0.87,1.09,6.09
3.85,11.21,0.28,0.87,2.91,6.12
5.11,10.28,0.55,0.83,5.07,6.22
3.54,10.38,0.59,0.85,3.32,6.08
4.18,12.33,0.41,0.85,2.14,5.68
10.44,13.68,0.77,0.85,7.52,6.02
10.63,13.55,0.87,0.86,9.63,5.53
7.28,12.41,0.33,0.78,5.13,6.22
6.49,13.9,0.87,0.91,2.53,4.61
10.14,14.35,0.72,0.86,2.79,6.2
8.82,14.09,0.56,0.89,2.4,5.08
2.35,10.45,0.26,0.81,3.4,6.06
2.1,10.08,0.16,0.82,2.41,6.22
5.06,9.23,0.73,0.9,5.3,5.85
3.98,8.61,0.44,0.84,2.81,6.08
3.21,8.19,0.12,0.67,5.58,6.21
2.67,8.24,0.29,0.7,5.89,6.21
-0.29,7.67,0.13,0.75,2.73,6.21
0.51,5.13,0.77,0.81,3.1,5.37
1.03,3.93,0.92,0.92,1.88,4.92
0.06,8.62,0.42,0.86,4.02,5.26
-1.18,8.74,0.64,0.88,2.85,4.91
4.83,10.82,0.63,0.89,4.65,5.82
1.88,11.05,0.72,0.92,3.63,5.9
10.5,14.4,0.9,0.92,7.88,5.15
9.06,13.81,0.65,0.82,7.74,5.88
4.63,10.03,0.59,0.83,10.29,5.66
1.82,5.39,0.67,0.89,5.88,5.65
0.17,4.73,0.52,0.92,2.3,5.3
-0.47,4.64,0.58,0.93,2.53,6.05
-0.21,2.07,0.92,0.92,1.43,5.16
-2.73,4.43,0.7,0.88,4.08,3.59
0.39,6.75,0.56,0.81,5.91,6.22
-3.06,4.51,0.03,0.89,1.1,6.05
-4.78,2.83,0.26,0.89,0.78,3.81
-4.94,3.62,0.5,0.91,0.82,3.76
-1.48,4.85,0.48,0.93,0.81,2.41
3.53,7.25,0.88,0.87,2.54,5.61
2.21,5.99,0.96,0.85,1.41,5.46
3.08,8.41,0.85,0.81,4.74,6.07
5.52,10.31,0.8,0.8,7.22,6.22
7.67,11.08,0.88,0.75,5.77,6.22
2.98,8.11,0.68,0.9,1.54,5.68
2.39,6.41,0.64,0.91,1.53,4.85
-1.31,5.15,0.45,0.84,2.95,6.04
-3.31,0.98,0.55,0.91,1.61,2.25
-0.99,10.58,0.94,0.95,3.76,2.57
11.38,14.28,0.89,0.89,14.44,6.0
7.55,12.15,0.59,0.88,4.75,5.96
7.52,13.07,0.81,0.89,7.12,5.77
6.91,10.68,0.48,0.84,7.91,6.2
6.87,10.43,0.72,0.87,6.58,6.22
5.01,8.92,0.75,0.9,2.52,6.21
3.94,8.4,0.76,0.92,4.29,4.91
5.79,12.64,0.92,0.89,6.0,5.39
6.11,10.15,0.74,0.89,4.65,5.3
3.1,9.81,0.59,0.9,3.32,5.11
2.13,8.2,0.5,0.88,5.31,5.76
6.28,9.6,0.89,0.88,4.39,5.99
0.36,9.9,0.56,0.89,3.77,5.9
-1.22,8.25,0.79,0.88,6.61,4.05
3.76,6.61,0.53,0.83,9.4,6.04
4.07,6.54,0.7,0.85,11.06,5.84
4.38,9.97,0.7,0.84,13.74,5.43
4.42,10.04,0.69,0.86,13.41,5.51
5.14,12.52,0.82,0.85,14.16,5.07
2.72,6.96,0.59,0.8,14.53,6.13
5.78,7.15,0.74,0.79,6.44,6.22
5.18,8.9,0.81,0.85,5.14,6.21
6.31,9.47,0.59,0.84,7.73,6.22
8.9,11.73,0.87,0.85,9.99,6.08
4.83,11.67,0.83,0.84,11.49,5.73
0.25,5.58,0.26,0.78,3.85,6.22
-2.48,5.56,0.32,0.83,3.95,6.22
4.67,8.99,0.84,0.86,8.71,6.21
-2.31,8.37,0.18,0.75,3.56,6.19
-4.38,4.11,0.36,0.84,2.45,6.22
4.02,9.76,0.91,0.94,4.8,4.29
7.28,9.35,0.9,0.96,2.05,4.5
7.85,10.52,0.91,0.92,5.47,5.7
4.63,10.52,0.82,0.87,11.3,5.58
5.34,9.35,0.78,0.83,10.54,5.66
2.03,10.33,0.69,0.79,18.67,5.62
-0.34,3.17,0.53,0.88,5.99,5.83
-0.89,3.95,0.35,0.75,10.13,6.19
0.9,5.33,0.34,0.83,3.74,6.05
3.76,10.53,0.7,0.92,5.57,6.1
7.93,10.4,0.91,0.92,3.55,5.89
7.87,10.75,0.92,0.94,4.19,4.73
7.45,8.99,0.95,0.86,5.0,6.0
6.38,8.25,0.97,0.83,4.94,6.22
3.09,6.78,0.95,0.88,2.31,5.89
-1.12,5.15,0.36,0.89,2.18,3.42
0.26,3.22,0.76,0.93,1.25,3.27
-1.68,4.67,0.7,0.91,2.35,3.08
4.39,9.97,0.9,0.9,8.39,4.92
5.72,10.07,0.79,0.8,10.0,6.22
-1.49,6.08,0.3,0.78,5.72,5.38
-2.86,5.18,0.31,0.81,3.92,3.84
1.91,4.02,0.83,0.92,3.03,3.35
0.14,6.54,0.71,0.9,2.51,4.29
-1.31,5.71,0.7,0.87,4.74,4.04
4.96,8.67,0.79,0.9,4.94,4.93
5.36,10.06,0.76,0.88,5.46,5.24
7.85,11.51,0.72,0.83,9.58,6.2
5.89,10.14,0.79,0.82,8.96,6.04
3.43,6.89,0.68,0.88,7.42,5.79
1.51,5.32,0.77,0.9,2.25,5.88
0.61,6.21,0.68,0.87,6.74,5.51
2.19,4.52,0.77,0.93,3.36,4.97
1.42,6.17,0.75,0.89,3.58,5.77
0.29,4.04,0.48,0.79,4.51,6.22
-0.85,3.65,0.45,0.81,3.74,6.21
-0.69,4.23,0.7,0.8,7.81,6.22
2.38,4.13,0.87,0.78,10.4,6.22
3.56,6.06,0.92,0.84,10.3,5.99
3.61,8.86,0.4,0.78,6.81,5.09
4.95,10.13,0.85,0.88,4.2,4.0
5.0,9.86,0.79,0.86,9.34,6.06
2.28,9.68,0.82,0.91,2.65,4.32
7.7,10.78,0.89,0.89,8.72,5.31
7.66,10.98,0.91,0.91,8.42,5.77
7.15,11.9,0.85,0.84,11.72,6.06
5.69,11.19,0.79,0.86,10.09,5.64
4.49,8.95,0.47,0.78,10.26,6.06
1.26,5.18,0.86,0.91,7.44,5.03
1.26,7.0,0.59,0.85,5.2,5.81
4.68,10.4,0.79,0.86,10.35,5.08
3.64,9.51,0.79,0.87,9.46,5.64
0.06,6.26,0.44,0.81,3.86,6.22
-1.46,7.27,0.45,0.83,2.33,5.49
-0.59,7.82,0.29,0.82,2.75,6.22
-1.37,7.73,0.35,0.81,6.2,6.12
-0.67,6.55,0.63,0.87,5.12,4.65
3.63,6.71,0.91,0.9,6.12,6.19
3.08,9.74,0.57,0.84,2.03,5.29
2.79,9.97,0.57,0.83,3.09,5.96
1.54,8.22,0.75,0.85,4.8,5.48
5.63,10.47,0.72,0.81,8.49,6.1
4.74,10.95,0.44,0.77,7.0,6.13
4.48,10.49,0.67,0.86,3.49,5.74
8.57,11.18,0.94,0.91,4.08,5.47
5.78,11.03,0.67,0.88,3.81,5.3
5.04,11.71,0.82,0.77,7.48,5.35
6.63,11.81,0.77,0.77,11.94,5.96
5.86,11.65,0.77,0.82,7.76,5.9
4.0,10.51,0.75,0.8,10.29,5.98
3.98,9.61,0.83,0.9,10.34,5.54
7.3,11.09,0.83,0.88,5.91,5.94
6.39,10.58,0.81,0.86,8.45,5.8
3.41,8.92,0.64,0.8,11.17,5.93
0.27,7.0,0.49,0.79,10.37,5.88
-1.05,6.11,0.3,0.8,7.87,6.22
2.08,8.41,0.69,0.77,7.69,6.22
-1.23,12.03,0.01,0.75,1.28,5.79
-0.1,15.51,0.01,0.66,2.08,6.17
0.77,17.53,0.01,0.68,2.31,6.19
3.18,16.73,0.04,0.69,3.49,5.85
5.53,11.72,0.9,0.84,3.19,5.03
7.71,12.34,0.92,0.9,3.79,4.21
10.03,14.17,0.9,0.88,5.72,5.9
9.73,13.51,0.83,0.87,7.35,6.05
7.2,13.58,0.79,0.83,4.75,6.2
3.47,12.91,0.29,0.74,4.27,6.22
5.38,11.87,0.59,0.81,6.97,5.8
6.07,11.41,0.78,0.74,9.18,6.17
7.15,10.97,0.81,0.71,9.11,6.22
6.66,12.05,0.89,0.82,6.69,6.17
7.25,11.21,0.87,0.79,5.85,6.22
6.24,16.0,0.52,0.73,3.8,6.19
4.71,13.5,0.47,0.81,5.79,4.67
5.84,12.42,0.44,0.71,8.83,6.22
6.53,10.93,0.8,0.79,10.03,6.09
6.16,11.45,0.77,0.77,10.53,6.08
4.83,11.15,0.64,0.79,7.19,6.12
5.49,10.28,0.75,0.82,6.29,6.21
4.79,9.94,0.62,0.74,8.39,6.2
4.61,8.31,0.63,0.84,3.71,5.51
3.8,12.34,0.45,0.73,3.93,6.22
-1.32,10.29,0.08,0.65,2.45,6.22
6.36,14.03,0.88,0.76,4.71,6.05
9.65,13.25,0.93,0.83,6.65,6.16
6.61,13.42,0.57,0.78,8.63,6.22
0.86,12.39,0.14,0.64,4.64,6.21
1.7,12.23,0.39,0.71,5.67,6.22
2.46,9.3,0.42,0.66,10.14,6.21
1.04,9.83,0.19,0.59,8.05,6.22
-0.02,9.15,0.14,0.64,4.72,6.21
6.55,13.52,0.32,0.7,8.97,6.22
5.73,12.5,0.38,0.71,2.73,6.22
6.98,11.87,0.5,0.71,5.17,6.22
8.0,14.9,0.07,0.62,7.55,6.21
8.02,15.27,0.37,0.73,8.04,6.22
7.77,15.11,0.63,0.76,6.38,6.15
6.49,17.67,0.34,0.6,6.7,6.22
5.84,15.37,0.15,0.67,8.28,6.22
5.07,16.22,0.01,0.59,7.56,6.22
4.64,16.56,0.02,0.58,6.63,6.22
7.16,18.11,0.5,0.69,3.39,6.01
2.13,15.32,0.02,0.65,5.3,6.22
4.87,16.05,0.54,0.68,3.84,6.22
4.54,13.59,0.49,0.73,3.88,6.21
4.13,18.46,0.06,0.65,3.94,6.22
7.32,16.5,0.35,0.74,6.55,6.04
9.48,14.12,0.87,0.9,4.51,4.67
8.6,16.23,0.48,0.74,7.71,6.18
9.49,15.13,0.66,0.87,6.38,6.0
9.32,16.6,0.76,0.82,6.91,5.88
6.73,17.22,0.23,0.72,4.4,5.62
7.71,16.11,0.21,0.71,3.71,6.01
5.42,16.64,0.39,0.73,2.53,5.84
8.4,14.28,0.58,0.83,4.01,6.08
7.96,15.36,0.42,0.79,5.61,6.15
8.36,17.31,0.49,0.8,5.46,6.1
7.42,16.53,0.56,0.8,4.37,5.88
12.66,18.58,0.9,0.86,4.83,6.11
13.71,25.6,0.51,0.74,2.76,5.5
14.61,26.72,0.19,0.63,5.28,6.05
15.81,23.18,0.25,0.77,3.42,6.1
13.01,19.61,0.52,0.78,6.2,6.19
10.89,14.5,0.86,0.82,5.14,5.68
9.73,15.91,0.81,0.84,5.83,4.91
6.58,19.67,0.2,0.67,3.63,6.22
12.6,16.63,0.82,0.8,6.8,5.8
11.21,18.35,0.49,0.76,3.7,6.21
7.87,17.39,0.26,0.74,3.91,6.22
8.66,16.25,0.28,0.75,5.12,6.22
8.78,16.95,0.7,0.83,4.46,5.73
9.71,12.18,0.63,0.93,8.83,5.99
9.03,15.7,0.28,0.66,10.17,6.22
10.57,13.6,0.82,0.89,3.78,5.24
11.22,16.91,0.63,0.85,5.68,5.85
11.57,19.56,0.58,0.83,7.56,5.17
12.22,16.11,0.78,0.84,9.24,5.94
11.46,14.81,0.78,0.83,9.83,6.07
10.85,17.67,0.79,0.85,5.07,6.08
13.34,20.08,0.55,0.78,4.97,6.22
11.96,17.55,0.67,0.81,6.72,6.01
11.58,16.37,0.81,0.86,6.8,5.94
14.91,22.69,0.8,0.8,5.14,6.22
14.6,22.32,0.81,0.78,4.03,6.22
12.95,20.55,0.57,0.77,4.46,6.19
7.72,21.56,0.16,0.73,3.68,6.22
13.77,21.19,0.59,0.85,2.62,5.84
13.12,17.6,0.77,0.8,5.5,6.13
11.79,16.86,0.78,0.79,9.15,5.5
10.67,15.31,0.56,0.72,10.54,6.22
10.16,15.93,0.58,0.71,8.47,6.22
10.4,17.41,0.24,0.7,2.62,6.22
10.34,13.8,0.84,0.91,5.46,5.24
10.6,15.19,0.85,0.79,7.22,6.2
9.63,12.14,0.69,0.86,6.26,6.14
11.68,17.37,0.85,0.84,4.2,6.11
11.06,15.87,0.81,0.84,6.52,5.13
11.4,14.72,0.81,0.81,7.23,6.13
10.97,16.93,0.49,0.73,5.73,6.05
10.31,14.09,0.63,0.88,3.97,6.04
11.22,19.0,0.81,0.78,4.24,6.21
12.62,18.66,0.71,0.86,2.93,5.81
11.03,16.6,0.75,0.82,5.22,5.71
10.38,17.65,0.58,0.67,5.67,6.22
12.26,14.8,0.65,0.88,4.62,6.08
11.0,15.05,0.6,0.87,3.1,6.21
8.57,17.93,0.51,0.77,3.44,6.22
6.77,20.65,0.12,0.69,2.8,6.15
11.28,18.54,0.54,0.76,3.97,6.02
11.42,16.72,0.6,0.79,5.64,5.92
12.63,18.72,0.91,0.91,5.86,5.39
12.52,17.71,0.72,0.73,6.75,6.22
12.61,21.0,0.56,0.73,7.2,6.22
9.61,25.99,0.2,0.69,4.34,5.21
13.7,20.7,0.44,0.79,7.47,6.09
10.72,16.77,0.53,0.76,6.06,6.12
8.63,19.2,0.49,0.8,6.47,6.22
13.86,16.96,0.51,0.86,7.98,6.17
13.3,20.6,0.69,0.87,3.01,6.21
11.09,24.76,0.04,0.7,2.76,6.22
10.71,18.78,0.67,0.82,1.78,6.14
12.15,17.26,0.58,0.84,5.4,5.31
11.55,17.93,0.52,0.81,5.97,5.9
11.72,17.8,0.68,0.83,7.17,6.1
12.51,17.01,0.69,0.84,7.78,5.82
11.69,17.43,0.62,0.83,5.72,6.22
11.78,17.75,0.55,0.82,5.71,6.19
11.81,17.1,0.53,0.83,5.23,6.22
9.72,18.54,0.62,0.84,4.62,5.66
13.54,18.94,0.76,0.85,5.55,5.96
12.46,16.6,0.72,0.81,8.25,6.22
10.7,16.9,0.3,0.76,5.77,6.22
7.98,15.71,0.51,0.85,4.54,5.79
10.76,17.9,0.6,0.81,5.73,6.19
8.18,20.22,0.32,0.73,3.23,6.12
7.96,19.86,0.2,0.7,5.33,6.12
8.8,16.43,0.62,0.76,5.3,6.22
12.47,17.88,0.79,0.86,8.86,5.38
11.5,17.41,0.39,0.78,6.47,6.21
7.26,18.0,0.22,0.72,3.39,6.22
11.2,17.15,0.72,0.87,6.08,5.85
11.82,17.85,0.5,0.82,4.95,6.04
10.44,16.38,0.67,0.88,6.09,5.92
11.26,19.68,0.44,0.82,6.01,6.07
11.23,15.1,0.7,0.86,7.9,5.87
10.8,15.4,0.61,0.84,9.26,6.0
9.31,17.42,0.55,0.79,4.09,6.12
7.31,18.68,0.61,0.81,2.29,5.37
14.43,20.81,0.83,0.86,4.28,6.15
14.23,19.42,0.49,0.82,5.58,5.41
12.92,18.14,0.73,0.83,4.34,6.08
13.52,16.36,0.79,0.91,5.47,5.74
12.41,18.15,0.63,0.86,3.62,5.32
11.57,18.97,0.8,0.85,3.92,6.22
12.21,17.6,0.83,0.86,7.2,5.34
9.18,15.06,0.41,0.81,5.77,6.15
9.93,16.32,0.57,0.81,5.07,5.95
8.16,17.82,0.14,0.81,3.25,6.07
10.23,18.01,0.03,0.75,4.3,6.22
6.43,18.53,0.38,0.78,3.57,6.15
10.37,16.1,0.71,0.83,6.55,6.08
11.91,17.02,0.78,0.93,4.56,5.23
11.56,16.27,0.38,0.84,5.23,5.64
10.82,15.48,0.6,0.83,7.11,6.21
11.15,14.81,0.83,0.91,5.86,5.35
10.64,14.7,0.69,0.87,6.89,5.99
10.16,17.71,0.24,0.81,4.42,6.08
10.21,14.42,0.76,0.87,7.23,5.56
10.11,15.62,0.53,0.82,9.06,6.22
9.3,14.89,0.59,0.81,6.69,6.13
8.37,13.92,0.41,0.85,5.0,5.9
8.66,14.46,0.14,0.77,6.96,6.22
8.47,15.61,0.49,0.77,5.81,6.21
5.45,12.72,0.18,0.83,2.51,6.22
5.83,15.91,0.68,0.81,2.97,6.13
8.62,14.45,0.57,0.83,1.77,5.98
4.78,16.14,0.5,0.81,2.75,4.99
11.96,16.12,0.91,0.89,4.38,4.46
7.55,15.96,0.31,0.84,4.29,6.21
6.54,13.96,0.44,0.86,5.42,6.22
10.07,17.17,0.67,0.85,4.54,5.21
12.55,15.48,0.88,0.88,3.66,4.61
11.5,17.44,0.84,0.92,1.45,3.65
10.91,17.75,0.56,0.88,3.31,4.07
12.56,16.59,0.76,0.82,6.54,5.26
12.0,16.72,0.62,0.83,5.3,5.99
9.9,16.22,0.57,0.79,6.55,6.01
6.16,13.75,0.42,0.79,5.65,6.04
4.71,15.52,0.66,0.89,7.08,4.25
9.9,14.23,0.75,0.81,13.72,5.51
9.61,12.45,0.66,0.78,10.16,5.82
10.02,11.79,0.76,0.88,8.64,5.27
7.67,13.79,0.58,0.8,7.28,5.95
4.34,12.18,0.34,0.81,4.54,6.04
11.48,15.18,0.78,0.87,7.89,5.69
9.82,14.04,0.72,0.87,3.41,6.21
11.44,14.48,0.83,0.88,4.54,6.18
9.42,14.11,0.68,0.85,9.09,5.86
8.78,14.31,0.68,0.87,8.53,5.21
8.6,13.92,0.7,0.82,8.79,6.07
12.56,17.47,0.77,0.89,9.7,5.9
11.84,15.0,0.44,0.84,5.26,6.14
10.1,17.07,0.76,0.81,8.96,6.22
9.83,16.29,0.71,0.88,7.51,5.51
9.9,14.17,0.8,0.86,12.33,5.48
8.83,11.94,0.7,0.91,5.46,5.27
10.02,14.35,0.76,0.9,5.69,5.29
9.77,14.81,0.66,0.9,3.0,4.8
9.72,13.63,0.7,0.88,6.0,5.81
6.26,12.16,0.65,0.86,8.86,6.16
5.98,14.4,0.61,0.91,4.89,5.73
9.54,14.03,0.53,0.87,6.19,5.91
10.02,13.15,0.63,0.83,8.82,5.98
7.54,13.15,0.44,0.82,7.27,6.17
2.54,12.44,0.34,0.82,4.79,5.99
9.51,13.83,0.88,0.88,11.64,5.93
0.78,12.03,0.22,0.72,4.06,6.22
-0.75,10.65,0.38,0.85,2.57,6.09
10.16,13.61,0.94,0.92,7.12,4.32
9.28,12.69,0.7,0.91,7.61,5.43
2.77,10.77,0.28,0.82,1.95,6.19
6.71,9.78,0.9,0.82,5.18,6.1
4.11,9.67,0.58,0.84,5.54,6.16
0.37,9.64,0.12,0.8,3.87,6.03
-0.78,12.17,0.69,0.86,7.29,5.02
1.36,12.32,0.44,0.86,5.83,5.83
-0.25,11.48,0.71,0.9,5.39,3.59
7.76,12.16,0.72,0.76,10.24,5.86
3.84,9.03,0.61,0.82,9.77,5.96
0.87,7.66,0.2,0.86,3.2,6.22
2.17,7.96,0.16,0.75,5.68,6.22
-1.73,10.06,0.48,0.86,5.48,5.22
5.99,11.2,0.75,0.89,4.4,6.08
3.07,9.22,0.38,0.91,3.18,5.79
3.81,11.08,0.55,0.81,9.43,6.22
3.52,8.76,0.5,0.84,9.43,6.18
0.78,7.92,0.38,0.77,8.01,6.21
-1.19,5.1,0.23,0.88,2.55,5.99
4.61,7.95,0.95,0.95,3.08,2.46
6.93,12.92,0.95,0.95,5.59,2.87
4.26,10.57,0.77,0.93,3.16,5.89
1.97,5.19,0.5,0.89,4.73,6.1
-0.12,2.79,0.42,0.91,3.7,6.22
0.42,4.3,0.4,0.88,7.17,6.21
1.44,8.51,0.61,0.87,6.94,6.14
2.71,7.98,0.4,0.86,7.58,6.07
1.72,6.31,0.17,0.79,5.43,6.22
0.09,4.87,0.14,0.76,4.43,6.22
0.14,4.47,0.2,0.76,4.98,6.22
-1.63,4.71,0.25,0.82,2.58,6.2
4.39,9.53,0.81,0.9,5.34,6.22
5.38,9.58,0.23,0.81,5.24,6.19
5.93,9.76,0.72,0.9,6.0,6.22
7.39,9.28,0.89,0.87,10.9,6.08
8.66,12.97,0.91,0.87,14.02,5.73
1.83,13.11,0.68,0.82,15.28,5.88
0.14,2.51,0.14,0.75,10.62,6.22
-1.53,3.39,0.06,0.82,4.48,6.21
-7.57,-0.79,0.56,0.9,1.19,2.34
-7.44,2.09,0.23,0.89,1.39,5.07
-4.36,5.12,0.41,0.9,3.61,5.52
0.72,5.77,0.58,0.9,8.1,6.08
0.99,3.63,0.66,0.92,5.0,5.51
0.14,5.37,0.07,0.82,4.67,6.22
-1.81,2.45,0.15,0.9,1.82,5.55
-0.24,9.84,0.72,0.89,7.05,5.11
0.02,7.91,0.46,0.91,2.82,5.15
7.5,11.96,0.96,0.91,8.14,5.92
6.23,11.92,0.61,0.91,6.76,5.33
3.86,6.94,0.78,0.93,1.52,1.5
2.31,10.26,0.96,0.96,3.34,2.32
9.43,12.62,0.76,0.9,12.59,5.22
9.64,12.09,0.88,0.9,12.38,4.3
2.49,10.42,0.73,0.93,4.17,5.85
-2.64,3.81,0.3,0.92,2.0,5.46
-2.92,2.81,0.02,0.85,3.99,6.22
-2.92,4.15,0.11,0.83,4.85,6.18
-3.31,2.01,0.8,0.92,5.84,3.74
1.02,5.88,0.76,0.92,5.54,4.05
4.09,8.15,0.72,0.87,13.14,5.63
3.28,6.69,0.62,0.87,6.65,6.17
3.31,6.39,0.57,0.89,6.04,5.69
2.25,7.65,0.75,0.91,6.73,5.46
2.78,5.81,0.86,0.95,2.67,5.64
2.31,4.21,0.82,0.93,3.19,5.62
-2.15,4.02,0.16,0.77,7.15,6.22
-5.42,1.43,0.0,0.85,1.16,5.12
-5.93,2.79,0.11,0.82,3.88,5.57
0.31,3.64,0.8,0.86,5.07,6.08
1.72,4.51,0.95,0.93,2.53,3.35
0.11,3.95,0.88,0.93,1.14,1.99
0.61,6.87,0.77,0.86,4.81,4.61
3.61,5.96,0.83,0.84,6.25,5.58
4.46,7.72,0.82,0.88,11.09,5.15
1.83,8.81,0.69,0.89,7.65,5.81
-0.21,2.08,0.69,0.91,8.25,5.13
-0.01,3.64,0.51,0.88,7.75,6.03
0.53,3.29,0.51,0.92,3.83,5.9
0.62,2.73,0.63,0.91,6.26,6.03
-2.89,2.88,0.17,0.93,2.4,6.17
-3.29,5.17,0.55,0.93,3.16,3.6
4.81,7.45,0.75,0.88,8.13,6.0
5.99,10.67,0.79,0.89,9.06,5.49
5.31,9.91,0.73,0.82,13.95,5.79
2.83,7.3,0.82,0.84,5.84,6.22
-1.66,6.57,0.24,0.89,2.95,6.15
5.22,10.95,0.8,0.86,12.51,5.37
6.49,11.75,0.88,0.9,11.91,4.08
3.92,10.81,0.56,0.81,9.18,6.08
4.3,6.81,0.82,0.84,10.87,5.83
1.49,6.22,0.66,0.88,8.45,5.8
2.26,6.76,0.2,0.78,9.92,6.22
2.33,7.32,0.42,0.8,4.01,6.22
2.39,5.76,0.57,0.89,2.66,5.83
-0.9,7.11,0.56,0.9,1.2,5.37
-0.79,3.26,0.81,0.84,3.37,5.22
-1.38,3.99,0.27,0.8,4.84,5.82
-4.75,4.39,0.39,0.86,4.43,5.5
4.23,7.55,0.61,0.9,6.21,5.35
0.77,5.07,0.33,0.83,5.63,6.15
1.91,8.31,0.69,0.88,7.68,5.41
-0.05,3.44,0.34,0.86,6.75,6.01
-0.18,4.22,0.6,0.86,6.83,5.97
0.71,5.3,0.45,0.81,7.23,6.07
0.42,5.77,0.46,0.81,9.29,6.2
2.33,5.43,0.55,0.79,11.63,6.19
2.51,7.65,0.51,0.82,8.61,6.11
2.57,7.58,0.56,0.88,5.37,6.19
1.33,6.77,0.63,0.93,2.62,4.23
6.02,11.27,0.91,0.93,3.75,4.05
2.04,10.0,0.25,0.79,5.57,6.2
1.13,8.02,0.08,0.81,1.11,6.22
0.69,6.85,0.56,0.79,4.66,6.19
0.21,5.97,0.26,0.73,5.63,5.67
-1.36,6.87,0.04,0.69,5.16,6.22
-1.31,7.07,0.01,0.74,5.16,6.22
-2.89,3.88,0.59,0.71,4.71,6.22
-4.13,2.86,0.43,0.76,6.38,5.69
-4.7,-1.39,0.78,0.83,9.33,2.97
-4.52,0.02,0.67,0.82,12.44,3.9
-1.19,1.22,0.9,0.78,13.72,5.99
0.12,1.81,0.89,0.77,8.73,6.13
0.19,2.67,0.91,0.84,8.26,4.82
2.26,4.02,0.91,0.92,6.45,4.81
1.46,3.98,0.94,0.92,6.02,4.92
1.43,6.37,0.77,0.89,3.65,4.93
-0.57,6.66,0.46,0.86,4.7,6.21
1.52,8.63,0.42,0.77,6.11,6.03
1.72,5.26,0.82,0.88,8.24,5.12
4.12,10.05,0.7,0.91,2.53,4.39
4.17,8.15,0.91,0.85,2.54,6.01
3.23,9.67,0.59,0.79,2.97,5.39
2.08,10.57,0.44,0.73,7.86,6.22
4.7,8.05,0.71,0.81,10.98,6.07
3.44,5.72,0.91,0.81,12.32,6.22
-1.73,3.83,0.73,0.68,11.76,5.96
-2.32,2.28,0.72,0.73,11.04,6.01
-1.42,7.02,0.23,0.65,6.41,6.22
-3.17,10.26,0.01,0.66,3.1,6.22
1.0,9.09,0.88,0.83,7.45,5.76
6.11,8.88,0.93,0.81,7.41,5.77
3.47,9.06,0.7,0.84,7.22,6.0
0.28,10.82,0.28,0.78,3.89,6.03
2.78,9.99,0.54,0.77,5.51,6.21
-0.54,9.95,0.35,0.75,3.86,6.21
4.34,8.81,0.84,0.89,7.12,4.95
1.09,7.27,0.59,0.84,4.95,6.1
-1.59,9.01,0.41,0.78,5.19,5.17
1.79,6.09,0.78,0.81,8.31,6.22
2.62,5.1,0.81,0.82,8.44,6.06
1.12,7.22,0.42,0.7,2.82,6.22
1.31,4.63,0.61,0.82,10.55,6.01
1.67,4.64,0.96,0.91,7.41,5.4
0.41,3.36,0.82,0.92,6.12,4.62
-1.83,9.98,0.27,0.76,4.75,6.21
4.83,11.67,0.42,0.73,7.86,6.2
7.27,12.07,0.62,0.84,4.51,5.92
5.48,11.56,0.7,0.88,1.88,5.58
6.42,13.41,0.74,0.86,3.29,5.1
5.51,7.29,0.83,0.89,10.07,6.22
5.33,8.08,0.95,0.88,8.17,6.01
5.2,9.32,0.92,0.84,9.05,5.72
5.33,7.71,0.96,0.92,4.19,4.59
6.34,13.05,0.79,0.85,3.01,4.2
6.19,15.05,0.32,0.8,6.15,5.96
8.55,13.34,0.86,0.78,9.01,5.39
9.32,14.97,0.47,0.77,14.12,6.19
10.35,16.55,0.45,0.81,7.61,6.12
10.33,17.36,0.43,0.76,5.15,6.21
7.97,14.58,0.6,0.76,5.47,5.6
4.96,18.86,0.28,0.66,3.31,6.22
8.65,12.55,0.56,0.77,6.42,6.08
8.21,11.48,0.83,0.83,11.23,5.77
6.64,12.81,0.71,0.79,8.48,6.09
6.59,10.91,0.67,0.8,8.37,6.13
5.63,11.44,0.62,0.78,10.24,6.2
3.36,13.33,0.35,0.7,4.41,6.22
1.51,10.89,0.42,0.77,3.2,6.22
2.24,11.11,0.34,0.72,3.08,6.22
-0.05,13.73,0.15,0.65,3.29,6.12
1.53,11.79,0.58,0.76,7.88,6.08
5.42,11.45,0.53,0.74,9.57,6.14
5.42,10.23,0.75,0.83,7.47,5.49
9.15,14.41,0.88,0.86,5.79,5.99
10.16,15.39,0.77,0.84,5.64,6.06
7.9,19.38,0.56,0.78,3.78,5.2
9.21,20.0,0.16,0.69,3.62,5.89
8.29,13.41,0.47,0.8,5.14,6.15
5.82,12.17,0.7,0.83,6.23,6.0
6.5,13.48,0.41,0.7,6.9,6.22
6.58,14.5,0.45,0.72,8.2,6.09
4.51,17.35,0.28,0.68,2.27,5.57
8.26,16.54,0.33,0.73,3.69,6.08
5.26,19.55,0.1,0.67,3.01,6.22
6.51,17.74,0.54,0.78,4.72,6.08
3.22,16.97,0.02,0.62,3.44,6.22
4.6,17.65,0.03,0.63,2.44,6.22
4.88,17.78,0.11,0.67,2.76,6.22
6.53,20.13,0.11,0.6,6.92,6.19
11.58,17.2,0.57,0.62,10.5,6.22
8.59,16.61,0.47,0.74,8.31,6.22
8.72,16.27,0.78,0.73,11.62,6.22
8.05,18.66,0.66,0.74,10.13,6.22
7.59,20.67,0.53,0.74,10.18,5.98
6.98,22.22,0.51,0.67,9.77,5.09
10.51,21.29,0.28,0.68,12.77,6.22
8.62,21.84,0.42,0.72,15.25,6.17
8.76,25.34,0.34,0.72,6.03,5.33
12.43,18.67,0.69,0.81,11.52,5.7
8.77,24.0,0.29,0.78,8.65,5.65
13.57,21.3,0.82,0.85,5.7,5.34
10.67,23.63,0.35,0.81,4.33,4.87
10.96,23.41,0.48,0.86,4.74,4.97
13.38,21.06,0.73,0.86,3.69,5.39
12.72,20.48,0.69,0.86,7.09,4.98
10.65,21.15,0.54,0.67,9.2,6.22
9.31,22.34,0.45,0.66,8.11,6.22
8.52,23.87,0.25,0.69,6.93,6.01
10.59,21.17,0.55,0.71,8.45,6.22
10.71,22.87,0.42,0.74,7.66,6.19
9.98,20.07,0.66,0.76,6.39,5.54
7.98,19.2,0.7,0.78,6.2,6.09
10.58,20.77,0.59,0.77,6.36,5.88
5.33,16.31,0.61,0.83,11.57,5.68
10.45,16.11,0.77,0.8,24.2,5.77
8.85,14.27,0.63,0.86,12.17,6.01
9.85,15.88,0.65,0.84,9.06,6.06
6.94,16.21,0.8,0.87,8.6,5.78
10.66,16.16,0.83,0.78,15.4,6.22
9.65,15.15,0.61,0.72,12.89,6.2
8.72,16.02,0.75,0.8,11.33,5.32
8.52,16.08,0.35,0.64,14.54,6.22
6.21,17.13,0.27,0.72,10.26,6.22
7.58,17.07,0.4,0.74,10.38,6.22
6.38,20.82,0.19,0.68,8.65,6.22
6.72,23.67,0.19,0.63,4.74,6.22
9.26,25.67,0.19,0.65,4.14,6.22
10.71,28.78,,0.68,6.33,5.75
12.48,30.36,,0.61,4.82,6.22
12.98,24.78,,0.59,9.93,6.22
12.44,25.05,0.84,0.66,10.97,6.22
11.45,25.7,0.19,0.6,7.32,6.22
11.22,21.48,0.39,0.7,11.66,6.22
10.47,24.67,0.35,0.68,8.29,5.98
11.85,25.66,0.2,0.63,7.1,6.22
11.55,21.62,0.35,0.67,8.7,6.22
9.5,20.86,0.27,0.67,7.72,6.22
7.7,23.01,0.6,0.69,5.34,6.08
15.72,22.26,0.78,0.77,7.59,6.22
14.18,21.82,0.61,0.67,7.53,6.22
13.16,20.75,0.7,0.69,6.06,6.2
14.52,20.81,0.72,0.84,5.51,5.28
14.51,21.89,0.6,0.72,6.43,6.19
13.72,21.94,0.75,0.76,6.04,6.22
10.36,23.19,0.49,0.75,10.08,5.72
16.51,19.14,0.93,0.86,6.87,5.92
13.41,20.17,0.77,0.78,7.94,6.2
12.65,18.17,0.64,0.73,6.83,6.22
10.83,20.88,0.54,0.73,4.51,5.91
9.12,20.08,0.29,0.66,6.75,6.02
12.52,18.86,0.89,0.91,6.55,5.71
14.37,18.92,0.88,0.84,7.8,6.08
14.51,19.14,0.95,0.92,8.9,5.86
14.59,20.31,0.89,0.9,8.38,5.71
11.58,19.14,0.64,0.79,5.55,6.11
9.45,23.04,0.33,0.69,6.77,6.22
7.47,26.09,0.23,0.61,7.28,6.22
13.87,24.42,0.6,0.71,8.26,5.95
10.56,18.96,0.68,0.87,13.26,5.69
8.89,16.9,0.66,0.89,9.53,5.47
8.83,19.14,0.52,0.77,8.86,6.22
10.57,18.21,0.61,0.81,12.55,6.21
12.52,18.02,0.6,0.88,9.65,5.8
14.73,21.04,0.94,0.93,7.16,4.85
14.51,19.15,0.88,0.87,7.93,5.76
12.81,19.14,0.72,0.81,9.48,6.2
11.58,19.36,0.67,0.81,8.29,6.22
13.73,19.31,0.78,0.88,9.9,5.9
12.72,17.21,0.74,0.81,6.65,6.21
9.7,17.06,0.54,0.77,9.35,6.15
6.74,18.22,0.39,0.78,9.35,6.19
10.0,18.01,0.42,0.76,8.7,6.22
5.71,19.36,0.46,0.73,6.86,6.22
12.66,15.71,0.96,0.94,11.73,4.87
13.62,18.88,0.96,0.88,5.68,6.13
12.87,17.32,0.9,0.93,9.45,5.81
14.66,19.27,0.76,0.9,11.46,5.71
9.84,17.15,0.59,0.86,13.21,6.09
10.72,15.28,0.81,0.92,15.4,5.15
13.66,16.06,0.93,0.9,12.18,5.44
10.72,19.14,0.83,0.89,6.55,5.3
8.01,18.08,0.74,0.85,2.66,5.99
13.45,20.0,0.94,0.88,6.29,5.81
10.0,18.14,0.77,0.83,10.75,5.9
10.66,15.31,0.73,0.83,11.42,6.04
8.15,14.92,0.48,0.83,11.55,6.22
5.07,17.07,0.37,0.74,7.94,6.22
9.76,13.14,0.77,0.91,6.79,5.68
9.98,17.94,0.8,0.89,10.1,5.95
11.45,17.31,0.85,0.81,10.75,6.22
8.09,17.02,0.58,0.8,9.27,6.18
6.69,16.21,0.47,0.82,4.25,6.08
3.07,20.0,0.38,0.77,7.27,5.71
13.01,17.86,0.92,0.91,6.89,4.97
12.38,19.89,0.87,0.94,8.03,6.01
9.66,17.0,0.69,0.82,7.5,6.04
8.18,16.9,0.55,0.82,4.46,6.22
5.7,17.15,0.52,0.87,7.92,6.1
6.56,15.0,0.51,0.83,6.06,6.2
4.57,18.01,0.57,0.81,9.23,6.22
6.26,17.13,0.72,0.87,5.75,6.13
10.86,16.14,0.69,0.85,13.64,5.46
10.65,14.36,0.82,0.9,16.59,5.69
11.58,16.0,0.63,0.81,17.41,6.14
9.57,15.58,0.47,0.76,14.18,6.18
9.86,15.0,0.67,0.81,16.62,6.04
6.77,13.47,0.73,0.9,11.0,6.11
7.09,14.34,0.66,0.88,8.92,6.22
11.61,16.15,0.72,0.85,17.06,5.95
10.85,18.23,0.72,0.85,10.55,6.14
13.73,17.2,0.84,0.88,11.96,4.99
9.8,15.41,0.63,0.76,24.84,5.89
7.59,13.18,0.51,0.78,16.53,6.2
6.58,13.14,0.58,0.84,10.69,6.08
3.01,13.19,0.43,0.76,10.27,6.22
0.82,14.0,0.44,0.8,7.41,6.22
4.42,14.17,0.35,0.79,8.63,6.22
5.81,14.14,0.51,0.85,13.22,5.83
12.66,16.43,0.92,0.95,19.87,4.42
5.87,16.28,0.52,0.8,15.59,6.18
1.58,14.0,0.51,0.81,5.69,6.22
7.82,11.35,0.91,0.83,15.71,5.85
4.92,12.01,0.52,0.78,12.83,6.22
2.99,12.27,0.64,0.89,8.89,5.69
8.87,14.01,0.78,0.73,17.51,6.16
8.71,14.17,0.83,0.92,11.09,5.74
7.73,15.4,0.74,0.91,15.12,5.74
3.87,12.15,0.38,0.82,4.43,6.22
1.61,12.1,0.26,0.84,5.11,6.19
1.57,13.29,0.68,0.92,17.46,4.95
12.58,14.21,0.87,0.92,23.66,4.86
12.53,15.2,0.84,0.91,21.2,5.2
12.47,20.14,0.66,0.81,10.53,6.22
6.64,17.01,0.5,0.87,10.54,5.3
7.0,16.36,0.52,0.87,17.71,5.82
9.72,13.32,0.78,0.94,7.39,4.74
3.73,14.03,0.53,0.85,4.37,6.13
1.85,14.25,0.22,0.84,2.47,6.08
5.59,14.14,0.72,0.91,9.96,5.88
5.43,12.28,0.43,0.85,8.17,6.16
2.4,12.25,0.6,0.9,3.9,6.03
5.73,12.33,0.65,0.89,8.63,5.99
7.14,15.15,0.93,0.94,13.9,5.19
8.59,15.28,0.82,0.84,14.91,5.79
6.13,11.41,0.78,0.8,15.31,6.21
10.51,13.16,0.9,0.87,19.6,5.7
10.51,12.21,0.93,0.86,14.52,6.22
7.73,13.14,0.81,0.9,14.29,6.03
3.14,9.27,0.48,0.76,9.39,6.22
0.64,7.21,0.26,0.67,7.15,6.22
-2.98,10.13,0.23,0.76,3.06,6.22
-4.85,8.26,0.21,0.82,6.79,6.12
-1.14,7.13,0.83,0.87,3.62,6.22
2.66,10.31,0.79,0.91,5.68,5.95
0.02,8.3,0.59,0.91,5.6,4.75
0.03,10.31,0.33,0.83,7.1,6.22
8.62,14.21,0.83,0.91,20.89,5.12
7.71,13.14,0.44,0.83,10.53,6.17
7.73,11.2,0.83,0.94,4.35,3.88
8.01,13.22,0.81,0.89,10.28,4.78
6.73,13.28,0.76,0.9,10.55,6.21
3.01,11.25,0.53,0.87,9.14,6.2
7.58,11.19,0.8,0.86,15.51,6.16
3.51,11.1,0.71,0.88,7.05,5.8
3.01,8.42,0.77,0.94,5.61,5.47
6.86,11.32,0.64,0.88,7.75,6.22
7.72,11.28,0.71,0.87,12.56,6.05
10.54,14.06,0.93,0.92,15.01,4.94
9.38,13.33,0.84,0.85,12.62,6.08
3.73,13.33,0.73,0.93,5.25,6.05
6.38,11.18,0.54,0.87,12.42,5.31
4.45,10.47,0.31,0.88,9.47,6.02
3.31,8.3,0.82,0.84,10.72,6.11
4.31,7.26,0.68,0.84,14.25,6.2
3.06,7.82,0.63,0.8,13.1,5.72
-2.01,6.91,0.64,0.91,2.77,4.7
3.7,8.71,0.68,0.93,5.6,5.01
-1.65,6.87,0.71,0.97,1.7,3.82
2.5,6.77,0.6,0.9,7.46,5.95
-2.08,6.73,0.66,0.91,4.56,6.02
0.04,7.73,0.61,0.87,11.01,5.11
5.67,14.56,0.76,0.88,17.81,5.21
5.41,10.24,0.75,0.87,15.04,6.33
3.24,8.54,0.69,0.85,20.12,6.01
1.1,6.98,0.75,0.94,4.37,5.05
4.58,6.77,0.92,0.99,2.84,2.92
-1.51,8.37,0.4,0.88,5.83,6.33
-3.24,5.2,0.53,0.97,2.5,5.49
-2.76,5.53,0.86,0.97,5.67,3.04
4.33,11.51,0.75,0.92,11.16,3.95
5.73,10.81,0.84,0.86,20.37,6.12
3.65,9.5,0.76,0.86,13.39,6.13
-0.99,7.6,0.33,0.89,4.64,6.5
-2.87,4.36,0.61,0.94,2.69,5.67
3.61,8.23,0.93,0.92,5.35,5.33
4.59,8.37,0.88,0.81,9.33,4.74
1.3,5.01,0.43,0.71,11.01,6.22
-1.93,3.53,0.28,0.79,6.83,6.21
0.52,2.61,0.86,0.84,11.85,4.48
0.88,7.18,0.68,0.88,8.06,5.8
2.22,11.32,0.67,0.92,6.4,5.08
6.24,12.16,0.81,0.84,14.22,5.13
2.25,8.55,0.39,0.87,6.05,4.67
4.43,8.2,0.81,0.94,7.43,5.37
4.99,8.29,0.82,0.95,6.8,4.99
5.64,8.47,0.76,0.91,7.65,8.04
-1.37,5.61,0.67,0.98,1.33,3.19
-3.36,0.18,0.86,0.99,0.14,1.63
-2.24,9.43,0.92,1.0,1.84,1.23
8.79,10.66,0.87,0.93,8.31,5.15
8.63,10.94,0.93,0.94,8.44,4.84
3.94,10.49,0.74,0.89,10.14,5.24
6.12,12.65,0.71,0.84,15.54,5.82
6.77,12.31,0.93,0.92,11.08,5.73
8.73,11.81,0.87,0.87,16.96,5.98
-2.31,11.67,0.47,0.8,6.07,6.22
-6.39,0.81,0.66,0.96,0.73,5.76
0.08,4.16,0.95,0.9,1.9,6.28
3.27,7.12,0.95,0.87,5.0,5.41
2.78,6.06,0.95,0.84,4.47,5.83
4.84,9.79,0.97,0.99,2.55,0.19
7.93,12.2,0.8,0.82,19.87,5.17
2.2,8.44,0.27,0.74,8.26,6.22
-3.44,5.36,0.42,0.92,1.9,5.81
4.46,9.72,0.74,0.92,5.21,5.2
5.54,10.25,0.94,0.88,9.41,6.18
7.92,11.49,0.85,0.84,17.48,5.79
6.65,10.73,0.69,0.83,18.55,6.07
4.75,9.48,0.76,0.85,9.33,6.29
7.87,10.66,0.83,0.88,20.03,5.5
1.21,9.62,0.64,0.85,14.15,5.75
-2.88,4.5,0.42,0.8,5.63,6.24
-3.79,3.23,0.78,0.82,6.87,5.49
0.7,4.42,0.94,0.9,5.31,4.54
-1.54,6.35,0.69,0.91,4.26,4.66
-3.56,5.29,0.66,0.89,7.55,5.96
-4.47,2.73,0.53,0.93,4.91,6.23
-7.72,1.61,0.46,0.95,1.79,5.19
-3.51,3.93,0.81,0.99,2.23,1.52
3.12,10.32,0.96,0.93,12.14,5.79
4.84,10.67,0.86,0.9,15.51,5.5
0.63,6.48,0.28,0.73,13.79,6.05
-5.39,5.21,0.41,0.86,5.47,6.47
-2.15,3.48,0.69,0.92,5.04,5.35
-3.46,4.62,0.55,0.92,4.67,5.54
-7.91,0.53,0.61,0.95,2.84,3.35
-8.67,3.13,0.28,0.89,2.0,5.03
-4.71,4.31,0.19,0.72,5.02,5.42
-5.13,6.36,0.72,0.9,6.87,5.77
-1.3,8.92,0.65,0.83,11.68,5.99
-2.33,6.92,0.62,0.96,5.4,4.2
2.24,8.61,0.6,0.87,8.93,6.2
2.42,8.26,0.69,0.9,6.88,5.43
4.59,10.98,0.87,0.85,21.84,5.94
2.26,9.35,0.72,0.78,19.18,5.83
0.0,7.41,0.56,0.87,6.8,6.46
-2.46,7.72,0.31,0.89,4.01,6.45
5.49,11.71,0.77,0.89,14.35,5.35
6.22,11.53,0.86,0.85,14.31,5.58
0.88,11.42,0.76,0.83,9.58,6.24
-2.57,12.5,0.55,0.87,6.07,4.52
8.88,11.71,0.83,0.79,14.07,6.0
8.8,12.61,0.74,0.78,16.95,5.77
6.09,9.62,0.79,0.81,18.38,6.53
4.99,8.85,0.76,0.88,9.19,6.14
8.9,12.45,0.94,0.92,15.07,5.78
9.11,13.91,0.9,0.87,7.27,6.21
8.78,15.74,0.53,0.67,6.22,6.55
6.54,14.68,0.49,0.76,9.12,6.74
2.87,11.91,0.57,0.93,4.57,3.76
1.38,15.01,0.6,0.89,2.2,4.36
-1.21,15.12,0.13,0.85,1.71,4.14
-2.57,12.6,0.48,0.9,4.32,3.71
3.01,7.41,0.97,0.97,4.5,3.15
2.77,9.76,0.92,0.91,3.44,4.66
7.07,10.6,0.77,0.88,10.85,5.1
4.57,10.05,0.79,0.76,17.88,6.62
1.41,9.47,0.48,0.79,11.55,6.34
2.44,7.52,0.71,0.88,5.08,5.98
2.93,9.81,0.92,0.95,10.49,3.76
1.0,9.2,0.72,0.83,7.31,5.78
-2.34,7.6,0.73,0.92,9.98,5.9
2.68,6.37,0.59,0.83,13.56,6.23
-0.94,6.44,0.68,0.91,10.18,6.52
0.85,8.53,0.58,0.8,13.1,6.33
3.21,9.56,0.76,0.84,23.67,5.01
5.19,10.06,0.74,0.79,20.2,6.12
5.88,10.5,0.72,0.79,17.71,5.64
3.82,8.51,0.62,0.77,18.61,5.75
0.78,5.59,0.82,0.91,8.34,4.26
0.62,10.07,0.53,0.78,10.53,6.78
1.68,9.52,0.74,0.89,4.91,5.87
4.77,10.57,0.89,0.93,10.16,5.29
8.74,13.59,0.88,0.93,12.6,5.05
9.92,13.61,0.91,0.9,13.81,6.3
5.82,11.79,0.74,0.81,16.64,5.8
3.93,10.2,0.48,0.73,12.61,6.22
4.19,9.96,0.65,0.77,17.03,7.36
2.57,11.56,0.39,0.7,8.54,6.52
6.51,10.55,0.9,0.82,11.07,6.54
7.28,12.45,0.76,0.82,11.31,6.79
5.14,11.25,0.74,0.77,12.4,5.9
1.71,11.83,0.74,0.84,11.9,6.15
1.38,11.73,0.52,0.73,8.58,5.37
-0.33,12.36,0.34,0.69,3.97,6.1
3.87,7.44,0.65,0.79,6.77,5.8
0.68,8.46,0.6,0.84,6.11,5.81
3.53,7.23,0.73,0.77,10.58,5.97
2.08,9.35,0.72,0.81,11.76,5.4
5.53,14.49,0.47,0.68,16.29,5.88
1.89,9.41,0.79,0.9,5.2,5.34
6.49,8.58,0.97,0.92,12.77,5.7
5.48,11.05,0.76,0.79,13.86,6.54
3.64,11.45,0.45,0.71,12.71,6.27
-2.96,12.16,0.18,0.73,3.15,6.51
-2.11,11.66,0.45,0.77,3.2,5.77
-2.22,13.02,0.38,0.69,6.6,5.5
0.3,11.59,0.42,0.6,12.59,6.16
0.58,9.69,0.72,0.6,11.96,6.22
2.62,13.42,0.26,0.62,15.72,6.21
6.73,11.55,0.55,0.81,12.34,4.62
5.82,15.22,0.59,0.77,11.92,6.48
5.98,17.71,0.57,0.79,11.02,6.61
4.83,22.45,0.56,0.66,5.49,6.38
5.94,21.45,0.83,0.69,5.14,5.55
6.14,21.2,0.64,0.65,6.78,4.66
6.56,23.8,0.08,0.5,9.04,6.22
8.96,16.85,0.57,0.68,14.47,6.21
7.65,14.52,0.83,0.82,16.0,5.45
8.03,16.26,0.61,0.78,9.05,5.35
7.93,13.46,0.73,0.81,10.4,5.35
6.68,12.25,0.71,0.84,8.28,4.85
7.53,14.36,0.71,0.8,5.37,7.17
7.13,16.04,0.62,0.79,6.21,6.28
6.04,13.88,0.66,0.87,3.72,5.61
5.76,14.37,0.75,0.87,4.27,5.84
2.67,15.67,0.55,0.79,7.37,6.14
4.78,10.19,0.64,0.68,6.6,6.04
0.38,11.91,0.29,0.55,7.57,6.26
2.83,11.76,0.56,0.64,7.56,6.22
3.67,10.21,0.5,0.76,6.14,4.91
4.28,9.67,0.74,0.81,5.12,4.77
4.9,8.97,0.81,0.86,12.88,4.96
4.89,11.4,0.61,0.66,9.4,5.93
4.71,12.46,0.57,0.71,6.82,5.31
-0.42,14.39,0.24,0.68,6.86,6.14
-0.09,15.66,0.27,0.6,5.64,6.22
3.6,19.9,0.71,0.62,6.03,6.22
3.11,21.5,0.46,0.63,4.58,6.22
4.11,24.63,0.75,0.65,4.25,5.93
9.8,19.03,0.47,0.64,11.88,6.37
8.62,19.36,0.23,0.63,11.5,6.07
9.02,12.53,0.94,0.91,5.32,6.33
9.92,15.26,0.91,0.86,4.77,5.44
7.28,16.83,0.74,0.78,6.87,5.32
6.51,17.56,0.49,0.67,8.59,6.09
3.24,15.6,0.48,0.71,9.8,6.21
5.16,13.86,0.81,0.76,12.22,5.83
8.42,16.84,0.48,0.64,12.08,6.17
5.51,13.39,0.58,0.88,7.97,5.42
10.93,14.53,0.88,0.87,14.72,4.5
7.88,14.38,0.72,0.79,8.43,5.08
3.95,15.32,0.41,0.73,5.26,5.76
0.89,12.06,0.67,0.91,3.4,5.12
10.65,15.69,0.9,0.97,9.57,3.56
9.85,17.91,0.95,0.96,10.69,3.2
9.85,18.65,0.58,0.81,10.01,5.63
12.77,19.1,0.77,0.84,12.02,4.89
10.0,14.5,0.83,0.88,18.36,5.69
8.7,16.19,0.65,0.82,6.67,5.64
8.82,15.41,0.84,0.89,5.59,5.14
9.62,16.7,0.67,0.75,8.62,5.79
4.87,17.63,0.32,0.75,8.8,5.9
9.81,17.11,0.34,0.75,7.61,6.03
8.22,16.46,0.49,0.77,11.45,6.43
4.34,19.26,0.35,0.73,6.32,5.59
7.99,15.26,0.74,0.7,7.53,6.24
6.18,15.83,0.57,0.74,9.6,6.7
9.35,13.17,0.72,0.7,7.27,5.21
7.42,16.26,0.58,0.72,10.11,5.69
10.16,18.45,0.74,0.75,9.24,6.94
9.01,17.01,0.5,0.73,8.21,6.58
10.82,16.87,0.79,0.83,14.96,6.18
10.95,16.6,0.62,0.81,12.29,6.14
8.57,18.02,0.59,0.78,7.76,6.45
9.0,14.61,0.59,0.81,11.36,7.14
7.14,16.92,0.52,0.7,9.7,6.23
8.69,18.88,0.28,0.64,5.21,6.23
9.25,22.9,0.2,0.71,10.24,6.44
12.64,15.99,0.86,0.92,9.62,4.54
13.45,19.87,0.75,0.81,7.86,5.34
11.52,23.09,0.55,0.7,6.01,6.21
8.35,26.51,0.07,0.69,6.66,6.22
11.71,23.99,0.23,0.73,11.1,6.22
15.01,21.31,0.61,0.85,5.19,5.33
12.28,17.93,0.73,0.82,15.6,5.72
12.08,17.81,0.65,0.77,15.39,5.99
10.86,17.92,0.5,0.69,10.63,6.66
5.78,18.91,0.58,0.76,7.48,6.22
11.01,16.71,0.6,0.75,12.36,6.25
12.85,17.5,0.92,0.89,12.49,7.27
9.06,19.93,0.57,0.66,7.66,6.3
7.83,18.48,0.39,0.64,5.32,6.36
5.27,18.0,0.44,0.77,4.37,6.12
11.9,16.48,0.91,0.95,7.22,6.97
14.82,19.65,0.9,0.92,6.61,6.38
14.97,20.69,0.86,0.86,7.79,6.51
10.98,22.14,0.61,0.8,8.44,6.02
13.75,21.16,0.55,0.74,9.22,6.02
9.56,22.49,0.54,0.71,3.96,6.22
11.91,23.9,0.47,0.73,4.81,5.47
10.87,21.8,0.35,0.82,6.0,5.96
13.23,18.13,0.7,0.88,8.74,7.66
10.58,18.53,0.66,0.84,12.52,6.44
12.86,19.97,0.67,0.87,6.98,5.97
13.59,19.81,0.67,0.82,9.1,5.6
12.92,18.93,0.69,0.83,10.46,6.41
15.97,25.09,0.65,0.83,19.4,5.69
18.03,25.03,0.56,0.75,9.68,6.51
16.56,22.94,0.58,0.78,8.57,6.18
14.26,30.22,0.31,0.71,9.12,6.06
17.51,23.6,0.52,0.72,8.19,5.84
14.47,17.83,0.56,0.93,3.8,6.64
15.9,21.55,0.89,0.92,8.78,6.43
13.97,20.38,0.86,0.89,6.68,6.63
11.76,21.91,0.55,0.85,5.08,5.69
14.97,23.22,0.57,0.84,5.93,5.83
12.91,22.91,0.55,0.83,5.58,4.62
14.61,22.61,0.67,0.75,5.92,6.22
11.1,23.92,0.42,0.83,6.55,6.34
14.83,22.09,0.72,0.86,7.88,5.54
14.88,20.11,0.59,0.82,10.17,5.82
12.22,18.53,0.56,0.86,5.42,5.54
11.94,20.45,0.5,0.85,9.9,5.32
10.3,21.09,0.55,0.79,7.31,6.59
13.78,20.32,0.74,0.91,13.41,5.42
13.67,23.23,0.57,0.86,7.1,5.69
11.05,16.07,0.87,0.94,5.18,3.36
7.02,15.83,0.52,0.82,5.87,6.53
6.89,17.68,0.4,0.78,9.07,5.87
9.36,15.98,0.73,0.93,5.3,5.03
13.06,17.71,0.8,0.76,10.31,5.7
13.74,20.28,0.75,0.89,10.35,6.83
12.05,17.61,0.48,0.79,15.98,7.17
12.54,17.53,0.72,0.85,16.14,6.47
11.71,17.49,0.62,0.81,13.99,6.95
9.9,17.65,0.58,0.81,8.28,6.17
11.05,18.79,0.76,0.86,10.54,5.95
9.34,18.67,0.67,0.88,16.09,5.55
14.88,21.21,0.72,0.81,14.23,6.25
13.77,24.9,0.28,0.73,4.68,6.22
10.6,28.99,0.17,0.75,5.5,5.94
13.25,21.44,0.63,0.81,9.31,5.22
8.77,21.44,0.36,0.8,5.35,5.67
12.75,17.76,0.64,0.79,9.46,6.31
11.63,17.6,0.63,0.83,14.71,6.39
13.35,18.56,0.82,0.89,16.68,6.17
10.84,16.91,0.64,0.84,13.79,6.21
9.81,15.78,0.54,0.78,9.88,7.01
8.79,15.4,0.83,0.95,13.29,5.52
13.85,16.55,0.87,0.94,10.82,7.05
9.82,16.79,0.69,0.82,12.69,5.81
7.1,17.4,0.42,0.77,12.62,6.2
10.88,16.25,0.75,0.82,15.43,5.73
4.72,17.71,0.26,0.73,4.71,6.21
3.52,16.26,0.72,0.86,3.39,5.28
9.28,16.37,0.66,0.93,5.26,5.87
10.05,16.22,0.58,0.82,8.44,5.98
12.78,17.21,0.71,0.83,17.82,6.4
9.22,16.31,0.71,0.87,10.17,6.87
8.28,16.63,0.42,0.76,9.35,6.22
8.76,17.18,0.58,0.81,16.49,5.85
7.28,15.43,0.55,0.71,11.67,6.21
4.68,15.76,0.69,0.81,7.67,6.15
6.41,15.81,0.38,0.69,7.73,6.22
8.47,17.57,0.69,0.82,6.97,6.51
8.3,18.91,0.57,0.88,6.12,5.33
6.04,22.9,0.44,0.81,4.18,3.99
6.54,22.95,0.09,0.73,9.06,5.89
12.41,18.67,0.46,0.91,7.89,5.52
12.9,17.89,0.66,0.82,7.65,5.45
13.1,19.57,0.78,0.93,7.42,6.48
13.0,18.15,0.83,0.92,4.12,5.28
12.63,15.75,0.67,0.88,11.4,7.39
9.03,14.55,0.62,0.89,5.9,6.43
7.86,16.33,0.48,0.87,5.6,5.82
8.28,16.28,0.53,0.82,5.91,5.88
5.47,15.7,0.49,0.87,7.14,6.03
3.99,12.52,0.52,0.69,9.82,6.3
-0.12,13.58,0.26,0.77,4.46,6.22
0.18,11.76,0.38,0.82,7.9,6.13
7.98,13.06,0.88,0.87,12.14,5.04
8.7,12.66,0.7,0.89,9.02,5.81
9.46,12.52,0.88,0.92,9.77,5.68
10.03,16.28,0.7,0.84,12.6,7.34
9.97,13.23,0.69,0.85,18.62,6.68
8.96,11.77,0.63,0.85,16.21,6.37
9.82,13.27,0.76,0.87,14.29,5.96
9.19,14.27,0.63,0.79,17.98,7.51
7.05,13.58,0.58,0.85,10.6,6.5
3.43,10.82,0.64,0.95,4.05,4.34
5.28,12.86,0.51,0.9,4.81,5.58
7.42,14.22,0.81,0.86,4.76,5.24
5.74,13.7,0.58,0.84,7.43,5.83
2.02,14.15,0.56,0.87,7.86,6.91
7.5,12.33,0.73,0.89,5.04,6.45
7.71,13.6,0.65,0.78,5.21,6.35
2.39,12.27,0.32,0.73,5.0,6.21
-2.42,9.61,0.6,0.88,4.09,5.36
8.55,11.66,0.84,0.82,15.1,6.22
10.76,14.72,0.76,0.78,13.01,6.01
4.07,12.71,0.71,0.83,9.89,6.4
-0.06,7.65,0.31,0.82,6.79,6.22
1.83,10.41,0.4,0.78,9.6,6.32
1.06,10.89,0.34,0.78,11.03,6.23
-2.78,9.86,0.24,0.84,2.61,6.51
-3.24,10.75,0.59,0.87,3.32,6.22
-1.57,10.55,0.53,0.85,5.2,4.62
-3.64,10.87,0.33,0.83,5.23,6.09
5.63,10.5,0.97,0.96,7.48,2.0
6.32,12.15,0.76,0.95,3.76,6.21
4.39,11.8,0.73,0.88,7.97,6.07
8.12,10.62,0.7,0.87,13.51,5.42
4.17,10.33,0.74,0.77,6.5,6.48
1.9,7.85,0.61,0.88,5.05,5.74
4.27,8.18,0.68,0.84,12.76,5.81
-2.02,7.81,0.21,0.77,3.14,6.22
-1.94,5.29,0.34,0.83,7.07,6.16
-3.96,5.72,0.32,0.82,4.85,6.1
3.05,7.38,0.78,0.87,11.88,5.98
-2.54,10.76,0.43,0.85,6.42,5.93
-3.52,5.94,0.62,0.92,4.95,5.51
-2.85,6.49,0.26,0.76,4.55,5.55
-1.33,8.69,0.4,0.76,4.64,6.34
-1.79,4.63,0.27,0.93,1.7,6.01
-3.99,6.45,0.3,0.94,0.92,5.6
-7.17,4.73,0.35,0.93,0.86,3.7
-8.04,3.67,0.69,0.89,5.03,4.58
2.95,7.4,0.68,0.86,9.32,6.15
2.83,7.78,0.53,0.74,12.6,7.35
3.65,8.91,0.75,0.88,8.28,10.0
5.09,9.38,0.98,0.9,9.25,9.64
7.62,10.02,0.99,0.88,5.47,9.39
8.41,10.45,0.91,0.87,7.83,9.82
8.55,10.57,0.96,0.85,6.8,10.0
5.79,9.4,0.87,0.85,6.82,9.03
2.3,6.67,0.4,0.79,5.15,10.0
1.08,6.14,0.18,0.76,4.85,9.11
0.42,5.69,0.55,0.72,4.79,10.0
